origin,target_date,horizon,actual_delta,anchor_price,predicted_delta,fold,train_count,fresh14_target_delta
2026-05-15 08:00:00+00:00,2026-05-16 00:00:00+00:00,1,0.2456918642026266,157.939,0.1676848223929156,2026-05-15,67,0.2456918642026266
2026-05-16 08:00:00+00:00,2026-05-17 00:00:00+00:00,1,0.0206060883316467,158.118,0.1805934272122303,2026-05-15,67,0.0206060883316467
2026-05-17 08:00:00+00:00,2026-05-18 00:00:00+00:00,1,0.0360679286946492,158.142,0.1754593304004204,2026-05-15,67,0.0360679286946492
2026-05-18 08:00:00+00:00,2026-05-19 00:00:00+00:00,1,0.181848139456946,158.182,0.2950327025171326,2026-05-15,67,0.181848139456946
2026-05-19 08:00:00+00:00,2026-05-20 00:00:00+00:00,1,0.1848561323608351,158.452,0.2838968426742057,2026-05-15,67,0.1848561323608351
2026-05-20 08:00:00+00:00,2026-05-21 00:00:00+00:00,1,0.2633945561709083,158.636,0.2131632607635999,2026-05-15,67,0.2633945561709083
2026-05-21 08:00:00+00:00,2026-05-22 00:00:00+00:00,1,0.2545026059993063,158.879,0.128483011522153,2026-05-15,67,0.2545026059993063
2026-05-22 08:00:00+00:00,2026-05-23 00:00:00+00:00,1,-0.026873246988913,159.147,0.076377391340903,2026-05-15,67,-0.026873246988913
2026-05-23 08:00:00+00:00,2026-05-24 00:00:00+00:00,1,0.068797536612692,159.305,0.0785214166917863,2026-05-15,67,0.068797536612692
2026-05-24 08:00:00+00:00,2026-05-25 00:00:00+00:00,1,0.0179511737031816,159.325,0.0630859324331765,2026-05-15,67,0.0179511737031816
2026-05-25 08:00:00+00:00,2026-05-26 00:00:00+00:00,1,-0.0117128174212268,159.348,0.0435665133573594,2026-05-15,67,-0.0117128174212268
2026-05-26 08:00:00+00:00,2026-05-27 00:00:00+00:00,1,0.05593879580627,159.364,0.0330844143380703,2026-05-15,67,0.05593879580627
2026-05-27 08:00:00+00:00,2026-05-28 00:00:00+00:00,1,-0.1825906220088029,159.432,-0.0821731384919344,2026-05-15,67,-0.1825906220088029
2026-05-28 08:00:00+00:00,2026-05-29 00:00:00+00:00,1,0.0468715883574759,159.457,-0.1458493296892472,2026-05-15,67,0.0468715883574759
2026-05-29 08:00:00+00:00,2026-05-30 00:00:00+00:00,1,-0.0997821068459074,159.418,-0.1401651947816292,2026-05-15,67,-0.0997821068459074
2026-05-30 08:00:00+00:00,2026-05-31 00:00:00+00:00,1,-0.0340188565197365,159.349,-0.2277788361928339,2026-05-15,67,-0.0340188565197365
2026-05-31 08:00:00+00:00,2026-06-01 00:00:00+00:00,1,-0.0252183753037513,159.329,-0.2287041672928407,2026-05-15,67,-0.0252183753037513
2026-06-01 08:00:00+00:00,2026-06-02 00:00:00+00:00,1,-0.2880017775877093,159.316,-0.2679393309620004,2026-05-15,67,-0.2880017775877093
2026-06-02 08:00:00+00:00,2026-06-03 00:00:00+00:00,1,-0.1907066133664443,159.065,-0.2899760944571817,2026-05-15,67,-0.1907066133664443
2026-06-03 08:00:00+00:00,2026-06-04 00:00:00+00:00,1,-0.2817184919445878,158.844,-0.2405637354784521,2026-05-15,67,-0.2817184919445878
2026-06-04 08:00:00+00:00,2026-06-05 00:00:00+00:00,1,-0.2420321838033601,158.654,-0.1298746891385643,2026-05-15,67,-0.2420321838033601
2026-05-15 08:00:00+00:00,2026-05-17 00:00:00+00:00,2,0.2662979525342734,157.939,0.3669230464794968,2026-05-15,66,0.2662979525342734
2026-05-16 08:00:00+00:00,2026-05-18 00:00:00+00:00,2,0.056674017026296,158.118,0.3846379708014091,2026-05-15,66,0.056674017026296
2026-05-17 08:00:00+00:00,2026-05-19 00:00:00+00:00,2,0.2179160681515952,158.142,0.3924041864041582,2026-05-15,66,0.2179160681515952
2026-05-18 08:00:00+00:00,2026-05-20 00:00:00+00:00,2,0.3667042718177811,158.182,0.6414460468699218,2026-05-15,66,0.3667042718177811
2026-05-19 08:00:00+00:00,2026-05-21 00:00:00+00:00,2,0.4482506885317434,158.452,0.590148516921602,2026-05-15,66,0.4482506885317434
2026-05-20 08:00:00+00:00,2026-05-22 00:00:00+00:00,2,0.5178971621702146,158.636,0.4385988221334094,2026-05-15,66,0.5178971621702146
2026-05-21 08:00:00+00:00,2026-05-23 00:00:00+00:00,2,0.2276293590103932,158.879,0.2518227461284871,2026-05-15,66,0.2276293590103932
2026-05-22 08:00:00+00:00,2026-05-24 00:00:00+00:00,2,0.041924289623779,159.147,0.1384704521418804,2026-05-15,66,0.041924289623779
2026-05-23 08:00:00+00:00,2026-05-25 00:00:00+00:00,2,0.0867487103158737,159.305,0.1569080106342358,2026-05-15,66,0.0867487103158737
2026-05-24 08:00:00+00:00,2026-05-26 00:00:00+00:00,2,0.0062383562819547,159.325,0.1393626881878481,2026-05-15,66,0.0062383562819547
2026-05-25 08:00:00+00:00,2026-05-27 00:00:00+00:00,2,0.0442259783850431,159.348,0.0934265070125626,2026-05-15,66,0.0442259783850431
2026-05-26 08:00:00+00:00,2026-05-28 00:00:00+00:00,2,-0.1266518262025329,159.364,0.0707501231716709,2026-05-15,66,-0.1266518262025329
2026-05-27 08:00:00+00:00,2026-05-29 00:00:00+00:00,2,-0.1357190336513269,159.432,-0.1758506121639987,2026-05-15,66,-0.1357190336513269
2026-05-28 08:00:00+00:00,2026-05-30 00:00:00+00:00,2,-0.0529105184884315,159.457,-0.2964250078625493,2026-05-15,66,-0.0529105184884315
2026-05-29 08:00:00+00:00,2026-05-31 00:00:00+00:00,2,-0.133800963365644,159.418,-0.2708844099450609,2026-05-15,66,-0.133800963365644
2026-05-30 08:00:00+00:00,2026-06-01 00:00:00+00:00,2,-0.0592372318234879,159.349,-0.502967040965773,2026-05-15,66,-0.0592372318234879
2026-05-31 08:00:00+00:00,2026-06-02 00:00:00+00:00,2,-0.3132201528914606,159.329,-0.5108736273672719,2026-05-15,66,-0.3132201528914606
2026-06-01 08:00:00+00:00,2026-06-03 00:00:00+00:00,2,-0.4787083909541536,159.316,-0.6192293929447811,2026-05-15,66,-0.4787083909541536
2026-06-02 08:00:00+00:00,2026-06-04 00:00:00+00:00,2,-0.4724251053110322,159.065,-0.6281877339786971,2026-05-15,66,-0.4724251053110322
2026-06-03 08:00:00+00:00,2026-06-05 00:00:00+00:00,2,-0.523750675747948,158.844,-0.4783578277388006,2026-05-15,66,-0.523750675747948
2026-06-04 08:00:00+00:00,2026-06-06 00:00:00+00:00,2,-0.8124894922579244,158.654,-0.2302954837698511,2026-05-15,66,-0.8124894922579244
2026-05-15 08:00:00+00:00,2026-05-18 00:00:00+00:00,3,0.3023658812289227,157.939,0.5068050429234411,2026-05-15,65,0.3023658812289227
2026-05-16 08:00:00+00:00,2026-05-19 00:00:00+00:00,3,0.238522156483242,158.118,0.5366634465050586,2026-05-15,65,0.238522156483242
2026-05-17 08:00:00+00:00,2026-05-20 00:00:00+00:00,3,0.4027722005124303,158.142,0.5371830567303271,2026-05-15,65,0.4027722005124303
2026-05-18 08:00:00+00:00,2026-05-21 00:00:00+00:00,3,0.6300988279886894,158.182,0.9124933515539672,2026-05-15,65,0.6300988279886894
2026-05-19 08:00:00+00:00,2026-05-22 00:00:00+00:00,3,0.7027532945310497,158.452,0.8414530761132687,2026-05-15,65,0.7027532945310497
2026-05-20 08:00:00+00:00,2026-05-23 00:00:00+00:00,3,0.4910239151813016,158.636,0.6298383176831799,2026-05-15,65,0.4910239151813016
2026-05-21 08:00:00+00:00,2026-05-24 00:00:00+00:00,3,0.2964268956230853,158.879,0.3782029434092859,2026-05-15,65,0.2964268956230853
2026-05-22 08:00:00+00:00,2026-05-25 00:00:00+00:00,3,0.0598754633269607,159.147,0.2111344640236553,2026-05-15,65,0.0598754633269607
2026-05-23 08:00:00+00:00,2026-05-26 00:00:00+00:00,3,0.0750358928946468,159.305,0.2289970040102911,2026-05-15,65,0.0750358928946468
2026-05-24 08:00:00+00:00,2026-05-27 00:00:00+00:00,3,0.0621771520882248,159.325,0.1964884263809587,2026-05-15,65,0.0621771520882248
2026-05-25 08:00:00+00:00,2026-05-28 00:00:00+00:00,3,-0.1383646436237597,159.348,0.1341358719520016,2026-05-15,65,-0.1383646436237597
2026-05-26 08:00:00+00:00,2026-05-29 00:00:00+00:00,3,-0.0797802378450569,159.364,0.1030858718798497,2026-05-15,65,-0.0797802378450569
2026-05-27 08:00:00+00:00,2026-05-30 00:00:00+00:00,3,-0.2355011404972344,159.432,-0.2666557292786586,2026-05-15,65,-0.2355011404972344
2026-05-28 08:00:00+00:00,2026-05-31 00:00:00+00:00,3,-0.0869293750081681,159.457,-0.4465942671805376,2026-05-15,65,-0.0869293750081681
2026-05-29 08:00:00+00:00,2026-06-01 00:00:00+00:00,3,-0.1590193386693954,159.418,-0.4154769848718684,2026-05-15,65,-0.1590193386693954
2026-05-30 08:00:00+00:00,2026-06-02 00:00:00+00:00,3,-0.3472390094111972,159.349,-0.7839409853464707,2026-05-15,65,-0.3472390094111972
2026-05-31 08:00:00+00:00,2026-06-03 00:00:00+00:00,3,-0.503926766257905,159.329,-0.791645751010603,2026-05-15,65,-0.503926766257905
2026-06-01 08:00:00+00:00,2026-06-04 00:00:00+00:00,3,-0.7604268828987415,159.316,-0.9633646615850264,2026-05-15,65,-0.7604268828987415
2026-06-02 08:00:00+00:00,2026-06-05 00:00:00+00:00,3,-0.7144572891143923,159.065,-0.9952891848656318,2026-05-15,65,-0.7144572891143923
2026-06-03 08:00:00+00:00,2026-06-06 00:00:00+00:00,3,-1.0942079842025123,158.844,-0.7813453612577028,2026-05-15,65,-1.0942079842025123
2026-06-04 08:00:00+00:00,2026-06-07 00:00:00+00:00,3,-0.9951611641701276,158.654,-0.4014992527710517,2026-05-15,65,-0.9951611641701276
2026-05-15 08:00:00+00:00,2026-05-19 00:00:00+00:00,4,0.4842140206858687,157.939,0.6187821284837819,2026-05-15,64,0.4842140206858687
2026-05-16 08:00:00+00:00,2026-05-20 00:00:00+00:00,4,0.4233782888440771,158.118,0.665749190957458,2026-05-15,64,0.4233782888440771
2026-05-17 08:00:00+00:00,2026-05-21 00:00:00+00:00,4,0.6661667566833387,158.142,0.6444598889723478,2026-05-15,64,0.6661667566833387
2026-05-18 08:00:00+00:00,2026-05-22 00:00:00+00:00,4,0.8846014339879957,158.182,1.1347474138457505,2026-05-15,64,0.8846014339879957
2026-05-19 08:00:00+00:00,2026-05-23 00:00:00+00:00,4,0.6758800475421367,158.452,1.05806058421613,2026-05-15,64,0.6758800475421367
2026-05-20 08:00:00+00:00,2026-05-24 00:00:00+00:00,4,0.5598214517939937,158.636,0.8174340583416778,2026-05-15,64,0.5598214517939937
2026-05-21 08:00:00+00:00,2026-05-25 00:00:00+00:00,4,0.314378069326267,158.879,0.5388641662228661,2026-05-15,64,0.314378069326267
2026-05-22 08:00:00+00:00,2026-05-26 00:00:00+00:00,4,0.0481626459057338,159.147,0.3304800054052195,2026-05-15,64,0.0481626459057338
2026-05-23 08:00:00+00:00,2026-05-27 00:00:00+00:00,4,0.1309746887009168,159.305,0.3355910909044549,2026-05-15,64,0.1309746887009168
2026-05-24 08:00:00+00:00,2026-05-28 00:00:00+00:00,4,-0.1204134699205781,159.325,0.2786950488781751,2026-05-15,64,-0.1204134699205781
2026-05-25 08:00:00+00:00,2026-05-29 00:00:00+00:00,4,-0.0914930552662838,159.348,0.2233395042102954,2026-05-15,64,-0.0914930552662838
2026-05-26 08:00:00+00:00,2026-05-30 00:00:00+00:00,4,-0.1795623446909644,159.364,0.1865777073328354,2026-05-15,64,-0.1795623446909644
2026-05-27 08:00:00+00:00,2026-05-31 00:00:00+00:00,4,-0.269519997016971,159.432,-0.277880066042788,2026-05-15,64,-0.269519997016971
2026-05-28 08:00:00+00:00,2026-06-01 00:00:00+00:00,4,-0.1121477503119194,159.457,-0.5270608170824189,2026-05-15,64,-0.1121477503119194
2026-05-29 08:00:00+00:00,2026-06-02 00:00:00+00:00,4,-0.4470211162571047,159.418,-0.5087123734865917,2026-05-15,64,-0.4470211162571047
2026-05-30 08:00:00+00:00,2026-06-03 00:00:00+00:00,4,-0.5379456227776416,159.349,-1.028068963082518,2026-05-15,64,-0.5379456227776416
2026-05-31 08:00:00+00:00,2026-06-04 00:00:00+00:00,4,-0.7856452582024929,159.329,-1.0302599739807876,2026-05-15,64,-0.7856452582024929
2026-06-01 08:00:00+00:00,2026-06-05 00:00:00+00:00,4,-1.0024590667021016,159.316,-1.2543450202361894,2026-05-15,64,-1.0024590667021016
2026-06-02 08:00:00+00:00,2026-06-06 00:00:00+00:00,4,-1.2849145975689569,159.065,-1.3481889157473503,2026-05-15,64,-1.2849145975689569
2026-06-03 08:00:00+00:00,2026-06-07 00:00:00+00:00,4,-1.2768796561147155,158.844,-1.1048842759932778,2026-05-15,64,-1.2768796561147155
2026-06-04 08:00:00+00:00,2026-06-08 00:00:00+00:00,4,-1.223616314162257,158.654,-0.6146787450057307,2026-05-15,64,-1.223616314162257
2026-05-15 08:00:00+00:00,2026-05-20 00:00:00+00:00,5,0.6690701530467038,157.939,0.7337052587971575,2026-05-15,63,0.6690701530467038
2026-05-16 08:00:00+00:00,2026-05-21 00:00:00+00:00,5,0.6867728450149855,158.118,0.7914894649261833,2026-05-15,63,0.6867728450149855
2026-05-17 08:00:00+00:00,2026-05-22 00:00:00+00:00,5,0.920669362682645,158.142,0.7564672006996426,2026-05-15,63,0.920669362682645
2026-05-18 08:00:00+00:00,2026-05-23 00:00:00+00:00,5,0.8577281869990827,158.182,1.3875834344397662,2026-05-15,63,0.8577281869990827
2026-05-19 08:00:00+00:00,2026-05-24 00:00:00+00:00,5,0.7446775841548288,158.452,1.2838618022012869,2026-05-15,63,0.7446775841548288
2026-05-20 08:00:00+00:00,2026-05-25 00:00:00+00:00,5,0.5777726254971753,158.636,1.0030002482682667,2026-05-15,63,0.5777726254971753
2026-05-21 08:00:00+00:00,2026-05-26 00:00:00+00:00,5,0.3026652519050401,158.879,0.678804551925553,2026-05-15,63,0.3026652519050401
2026-05-22 08:00:00+00:00,2026-05-27 00:00:00+00:00,5,0.1041014417120038,159.147,0.410055218471836,2026-05-15,63,0.1041014417120038
2026-05-23 08:00:00+00:00,2026-05-28 00:00:00+00:00,5,-0.051615933307886,159.305,0.406505997599681,2026-05-15,63,-0.051615933307886
2026-05-24 08:00:00+00:00,2026-05-29 00:00:00+00:00,5,-0.0735418815631021,159.325,0.3357603937950375,2026-05-15,63,-0.0735418815631021
2026-05-25 08:00:00+00:00,2026-05-30 00:00:00+00:00,5,-0.1912751621121913,159.348,0.2755842536707915,2026-05-15,63,-0.1912751621121913
2026-05-26 08:00:00+00:00,2026-05-31 00:00:00+00:00,5,-0.213581201210701,159.364,0.2365651886854558,2026-05-15,63,-0.213581201210701
2026-05-27 08:00:00+00:00,2026-06-01 00:00:00+00:00,5,-0.2947383723207224,159.432,-0.3613871293608606,2026-05-15,63,-0.2947383723207224
2026-05-28 08:00:00+00:00,2026-06-02 00:00:00+00:00,5,-0.4001495278996287,159.457,-0.6784640423559494,2026-05-15,63,-0.4001495278996287
2026-05-29 08:00:00+00:00,2026-06-03 00:00:00+00:00,5,-0.6377277296235491,159.418,-0.6621419292950916,2026-05-15,63,-0.6377277296235491
2026-05-30 08:00:00+00:00,2026-06-04 00:00:00+00:00,5,-0.8196641147222294,159.349,-1.3234161165807978,2026-05-15,63,-0.8196641147222294
2026-05-31 08:00:00+00:00,2026-06-05 00:00:00+00:00,5,-1.027677442005853,159.329,-1.322255330415805,2026-05-15,63,-1.027677442005853
2026-06-01 08:00:00+00:00,2026-06-06 00:00:00+00:00,5,-1.572916375156666,159.316,-1.6091425675686897,2026-05-15,63,-1.572916375156666
2026-06-02 08:00:00+00:00,2026-06-07 00:00:00+00:00,5,-1.46758626948116,159.065,-1.7402771464282778,2026-05-15,63,-1.46758626948116
2026-06-03 08:00:00+00:00,2026-06-08 00:00:00+00:00,5,-1.5053348061068448,158.844,-1.4626659481197324,2026-05-15,63,-1.5053348061068448
2026-06-04 08:00:00+00:00,2026-06-09 00:00:00+00:00,5,-1.4196430439861274,158.654,-0.8298456175278823,2026-05-15,63,-1.4196430439861274
2026-05-15 08:00:00+00:00,2026-05-21 00:00:00+00:00,6,0.9324647092176122,157.939,0.8578669445108892,2026-05-15,62,0.9324647092176122
2026-05-16 08:00:00+00:00,2026-05-22 00:00:00+00:00,6,0.9412754510142918,158.118,0.924234270919409,2026-05-15,62,0.9412754510142918
2026-05-17 08:00:00+00:00,2026-05-23 00:00:00+00:00,6,0.893796115693732,158.142,0.8872529720566726,2026-05-15,62,0.893796115693732
2026-05-18 08:00:00+00:00,2026-05-24 00:00:00+00:00,6,0.9265257236117748,158.182,1.6457089680891612,2026-05-15,62,0.9265257236117748
2026-05-19 08:00:00+00:00,2026-05-25 00:00:00+00:00,6,0.7626287578580104,158.452,1.5052300141257096,2026-05-15,62,0.7626287578580104
2026-05-20 08:00:00+00:00,2026-05-26 00:00:00+00:00,6,0.5660598080759485,158.636,1.186364763067521,2026-05-15,62,0.5660598080759485
2026-05-21 08:00:00+00:00,2026-05-27 00:00:00+00:00,6,0.3586040477113101,158.879,0.8196831860021413,2026-05-15,62,0.3586040477113101
2026-05-22 08:00:00+00:00,2026-05-28 00:00:00+00:00,6,-0.078489180296799,159.147,0.4989889760471755,2026-05-15,62,-0.078489180296799
2026-05-23 08:00:00+00:00,2026-05-29 00:00:00+00:00,6,-0.00474434495041,159.305,0.4985416225414589,2026-05-15,62,-0.00474434495041
2026-05-24 08:00:00+00:00,2026-05-30 00:00:00+00:00,6,-0.1733239884090096,159.325,0.4175239427299677,2026-05-15,62,-0.1733239884090096
2026-05-25 08:00:00+00:00,2026-05-31 00:00:00+00:00,6,-0.2252940186319278,159.348,0.3404184201418141,2026-05-15,62,-0.2252940186319278
2026-05-26 08:00:00+00:00,2026-06-01 00:00:00+00:00,6,-0.2387995765144523,159.364,0.2932894315749286,2026-05-15,62,-0.2387995765144523
2026-05-27 08:00:00+00:00,2026-06-02 00:00:00+00:00,6,-0.5827401499084317,159.432,-0.4407436505386009,2026-05-15,62,-0.5827401499084317
2026-05-28 08:00:00+00:00,2026-06-03 00:00:00+00:00,6,-0.5908561412660731,159.457,-0.8090293226676628,2026-05-15,62,-0.5908561412660731
2026-05-29 08:00:00+00:00,2026-06-04 00:00:00+00:00,6,-0.9194462215681368,159.418,-0.7848277340956213,2026-05-15,62,-0.9194462215681368
2026-05-30 08:00:00+00:00,2026-06-05 00:00:00+00:00,6,-1.0616962985255896,159.349,-1.608853342834405,2026-05-15,62,-1.0616962985255896
2026-05-31 08:00:00+00:00,2026-06-06 00:00:00+00:00,6,-1.5981347504604173,159.329,-1.6089339235977074,2026-05-15,62,-1.5981347504604173
2026-06-01 08:00:00+00:00,2026-06-07 00:00:00+00:00,6,-1.7555880470688692,159.316,-1.978416141843163,2026-05-15,62,-1.7555880470688692
2026-06-02 08:00:00+00:00,2026-06-08 00:00:00+00:00,6,-1.6960414194732891,159.065,-2.122584720162153,2026-05-15,62,-1.6960414194732891
2026-06-03 08:00:00+00:00,2026-06-09 00:00:00+00:00,6,-1.7013615359307153,158.844,-1.7835095169972288,2026-05-15,62,-1.7013615359307153
2026-06-04 08:00:00+00:00,2026-06-10 00:00:00+00:00,6,-1.8584637192680589,158.654,-1.0060715018428157,2026-05-15,62,-1.8584637192680589
2026-05-15 08:00:00+00:00,2026-05-22 00:00:00+00:00,7,1.1869673152169185,157.939,0.9329126959869908,2026-05-15,61,1.1869673152169185
2026-05-16 08:00:00+00:00,2026-05-23 00:00:00+00:00,7,0.9144022040253788,158.118,1.0157096123860838,2026-05-15,61,0.9144022040253788
2026-05-17 08:00:00+00:00,2026-05-24 00:00:00+00:00,7,0.962593652306424,158.142,0.9675538992017216,2026-05-15,61,0.962593652306424
2026-05-18 08:00:00+00:00,2026-05-25 00:00:00+00:00,7,0.9444768973149564,158.182,1.825969765323641,2026-05-15,61,0.9444768973149564
2026-05-19 08:00:00+00:00,2026-05-26 00:00:00+00:00,7,0.7509159404367836,158.452,1.665422323948702,2026-05-15,61,0.7509159404367836
2026-05-20 08:00:00+00:00,2026-05-27 00:00:00+00:00,7,0.6219986038822185,158.636,1.3361793699724531,2026-05-15,61,0.6219986038822185
2026-05-21 08:00:00+00:00,2026-05-28 00:00:00+00:00,7,0.1760134257025072,158.879,0.977400717453888,2026-05-15,61,0.1760134257025072
2026-05-22 08:00:00+00:00,2026-05-29 00:00:00+00:00,7,-0.0316175919393231,159.147,0.6299822093993925,2026-05-15,61,-0.0316175919393231
2026-05-23 08:00:00+00:00,2026-05-30 00:00:00+00:00,7,-0.1045264517963175,159.305,0.628694437007316,2026-05-15,61,-0.1045264517963175
2026-05-24 08:00:00+00:00,2026-05-31 00:00:00+00:00,7,-0.2073428449287462,159.325,0.523847241792005,2026-05-15,61,-0.2073428449287462
2026-05-25 08:00:00+00:00,2026-06-01 00:00:00+00:00,7,-0.2505123939356792,159.348,0.4264461367030343,2026-05-15,61,-0.2505123939356792
2026-05-26 08:00:00+00:00,2026-06-02 00:00:00+00:00,7,-0.5268013541021617,159.364,0.3658625480226805,2026-05-15,61,-0.5268013541021617
2026-05-27 08:00:00+00:00,2026-06-03 00:00:00+00:00,7,-0.773446763274876,159.432,-0.4904148346870021,2026-05-15,61,-0.773446763274876
2026-05-28 08:00:00+00:00,2026-06-04 00:00:00+00:00,7,-0.872574633210661,159.457,-0.8908721873958858,2026-05-15,61,-0.872574633210661
2026-05-29 08:00:00+00:00,2026-06-05 00:00:00+00:00,7,-1.161478405371497,159.418,-0.8641907399697994,2026-05-15,61,-1.161478405371497
2026-05-30 08:00:00+00:00,2026-06-06 00:00:00+00:00,7,-1.632153606980154,159.349,-1.875079643081254,2026-05-15,61,-1.632153606980154
2026-05-31 08:00:00+00:00,2026-06-07 00:00:00+00:00,7,-1.7808064223726203,159.329,-1.8740451768191624,2026-05-15,61,-1.7808064223726203
2026-06-01 08:00:00+00:00,2026-06-08 00:00:00+00:00,7,-1.9840431970609984,159.316,-2.3455107889544067,2026-05-15,61,-1.9840431970609984
2026-06-02 08:00:00+00:00,2026-06-09 00:00:00+00:00,7,-1.8920681492971596,159.065,-2.518260337988671,2026-05-15,61,-1.8920681492971596
2026-06-03 08:00:00+00:00,2026-06-10 00:00:00+00:00,7,-2.1401822112126467,158.844,-2.1214648392708018,2026-05-15,61,-2.1401822112126467
2026-06-04 08:00:00+00:00,2026-06-11 00:00:00+00:00,7,-2.2661089688874085,158.654,-1.2100839325324575,2026-05-15,61,-2.2661089688874085
2026-05-15 08:00:00+00:00,2026-05-23 00:00:00+00:00,8,1.1600940682280054,157.939,0.9912227380523192,2026-05-15,60,1.1600940682280054
2026-05-16 08:00:00+00:00,2026-05-24 00:00:00+00:00,8,0.9831997406380708,158.118,1.0824412222492954,2026-05-15,60,0.9831997406380708
2026-05-17 08:00:00+00:00,2026-05-25 00:00:00+00:00,8,0.9805448260096056,158.142,1.0322589234029986,2026-05-15,60,0.9805448260096056
2026-05-18 08:00:00+00:00,2026-05-26 00:00:00+00:00,8,0.9327640798937296,158.182,2.0048070594265215,2026-05-15,60,0.9327640798937296
2026-05-19 08:00:00+00:00,2026-05-27 00:00:00+00:00,8,0.8068547362430536,158.452,1.7960222054877069,2026-05-15,60,0.8068547362430536
2026-05-20 08:00:00+00:00,2026-05-28 00:00:00+00:00,8,0.4394079818734155,158.636,1.4854963519876656,2026-05-15,60,0.4394079818734155
2026-05-21 08:00:00+00:00,2026-05-29 00:00:00+00:00,8,0.2228850140599831,158.879,1.145743494593456,2026-05-15,60,0.2228850140599831
2026-05-22 08:00:00+00:00,2026-05-30 00:00:00+00:00,8,-0.1313996987852306,159.147,0.7644608605792929,2026-05-15,60,-0.1313996987852306
2026-05-23 08:00:00+00:00,2026-05-31 00:00:00+00:00,8,-0.1385453083160541,159.305,0.7664413794045051,2026-05-15,60,-0.1385453083160541
2026-05-24 08:00:00+00:00,2026-06-01 00:00:00+00:00,8,-0.2325612202324976,159.325,0.6506982188361685,2026-05-15,60,-0.2325612202324976
2026-05-25 08:00:00+00:00,2026-06-02 00:00:00+00:00,8,-0.5385141715233885,159.348,0.546663824396354,2026-05-15,60,-0.5385141715233885
2026-05-26 08:00:00+00:00,2026-06-03 00:00:00+00:00,8,-0.717507967468606,159.364,0.4774765836295138,2026-05-15,60,-0.717507967468606
2026-05-27 08:00:00+00:00,2026-06-04 00:00:00+00:00,8,-1.055165255219464,159.432,-0.5150520458520544,2026-05-15,60,-1.055165255219464
2026-05-28 08:00:00+00:00,2026-06-05 00:00:00+00:00,8,-1.114606817014021,159.457,-0.957959071783455,2026-05-15,60,-1.114606817014021
2026-05-29 08:00:00+00:00,2026-06-06 00:00:00+00:00,8,-1.7319357138260614,159.418,-0.932629261865094,2026-05-15,60,-1.7319357138260614
2026-05-30 08:00:00+00:00,2026-06-07 00:00:00+00:00,8,-1.8148252788923571,159.349,-2.1356801191905093,2026-05-15,60,-1.8148252788923571
2026-05-31 08:00:00+00:00,2026-06-08 00:00:00+00:00,8,-2.00926157236475,159.329,-2.1357612802552555,2026-05-15,60,-2.00926157236475
2026-06-01 08:00:00+00:00,2026-06-09 00:00:00+00:00,8,-2.180069926884869,159.316,-2.7060944200945394,2026-05-15,60,-2.180069926884869
2026-06-02 08:00:00+00:00,2026-06-10 00:00:00+00:00,8,-2.330888824579091,159.065,-2.9049944855967564,2026-05-15,60,-2.330888824579091
2026-06-03 08:00:00+00:00,2026-06-11 00:00:00+00:00,8,-2.5478274608319964,158.844,-2.4883140592991633,2026-05-15,60,-2.5478274608319964
2026-06-04 08:00:00+00:00,2026-06-12 00:00:00+00:00,8,-2.6112471574596725,158.654,-1.4405232730526691,2026-05-15,60,-2.6112471574596725
2026-05-15 08:00:00+00:00,2026-05-24 00:00:00+00:00,9,1.2288916048406977,157.939,1.049391466984446,2026-05-15,59,1.2288916048406977
2026-05-16 08:00:00+00:00,2026-05-25 00:00:00+00:00,9,1.0011509143412525,158.118,1.1621061255139318,2026-05-15,59,1.0011509143412525
2026-05-17 08:00:00+00:00,2026-05-26 00:00:00+00:00,9,0.9688320085883788,158.142,1.0869067236505603,2026-05-15,59,0.9688320085883788
2026-05-18 08:00:00+00:00,2026-05-27 00:00:00+00:00,9,0.9887028756999996,158.182,2.1495281187474653,2026-05-15,59,0.9887028756999996
2026-05-19 08:00:00+00:00,2026-05-28 00:00:00+00:00,9,0.6242641142342507,158.452,1.9292130449074365,2026-05-15,59,0.6242641142342507
2026-05-20 08:00:00+00:00,2026-05-29 00:00:00+00:00,9,0.4862795702308915,158.636,1.632999513948046,2026-05-15,59,0.4862795702308915
2026-05-21 08:00:00+00:00,2026-05-30 00:00:00+00:00,9,0.1231029072140756,158.879,1.3549501437787872,2026-05-15,59,0.1231029072140756
2026-05-22 08:00:00+00:00,2026-05-31 00:00:00+00:00,9,-0.1654185553049671,159.147,0.9584496551839116,2026-05-15,59,-0.1654185553049671
2026-05-23 08:00:00+00:00,2026-06-01 00:00:00+00:00,9,-0.1637636836198055,159.305,0.9486903172699384,2026-05-15,59,-0.1637636836198055
2026-05-24 08:00:00+00:00,2026-06-02 00:00:00+00:00,9,-0.5205629978202069,159.325,0.7986565486443911,2026-05-15,59,-0.5205629978202069
2026-05-25 08:00:00+00:00,2026-06-03 00:00:00+00:00,9,-0.7292207848898329,159.348,0.6698789161148833,2026-05-15,59,-0.7292207848898329
2026-05-26 08:00:00+00:00,2026-06-04 00:00:00+00:00,9,-0.999226459413194,159.364,0.588409706121829,2026-05-15,59,-0.999226459413194
2026-05-27 08:00:00+00:00,2026-06-05 00:00:00+00:00,9,-1.297197439022824,159.432,-0.5310923649757897,2026-05-15,59,-1.297197439022824
2026-05-28 08:00:00+00:00,2026-06-06 00:00:00+00:00,9,-1.6850641254685854,159.457,-0.9848777339889084,2026-05-15,59,-1.6850641254685854
2026-05-29 08:00:00+00:00,2026-06-07 00:00:00+00:00,9,-1.9146073857382648,159.418,-0.959705711484366,2026-05-15,59,-1.9146073857382648
2026-05-30 08:00:00+00:00,2026-06-08 00:00:00+00:00,9,-2.0432804288844864,159.349,-2.3859735809341944,2026-05-15,59,-2.0432804288844864
2026-05-31 08:00:00+00:00,2026-06-09 00:00:00+00:00,9,-2.2052883021886203,159.329,-2.3798981378814585,2026-05-15,59,-2.2052883021886203
2026-06-01 08:00:00+00:00,2026-06-10 00:00:00+00:00,9,-2.6188906021668004,159.316,-3.0842108922725857,2026-05-15,59,-2.6188906021668004
2026-06-02 08:00:00+00:00,2026-06-11 00:00:00+00:00,9,-2.7385340741984407,159.065,-3.321959115883819,2026-05-15,59,-2.7385340741984407
2026-06-03 08:00:00+00:00,2026-06-12 00:00:00+00:00,9,-2.8929656494042604,158.844,-2.8432472335624586,2026-05-15,59,-2.8929656494042604
2026-06-04 08:00:00+00:00,2026-06-13 00:00:00+00:00,9,-2.9513231251640093,158.654,-1.6425618063712952,2026-05-15,59,-2.9513231251640093
2026-05-15 08:00:00+00:00,2026-05-25 00:00:00+00:00,10,1.2468427785438791,157.939,1.1638847152616685,2026-05-15,58,1.2468427785438791
2026-05-16 08:00:00+00:00,2026-05-26 00:00:00+00:00,10,0.9894380969200256,158.118,1.2910483834649846,2026-05-15,58,0.9894380969200256
2026-05-17 08:00:00+00:00,2026-05-27 00:00:00+00:00,10,1.0247708043946488,158.142,1.1991063609891524,2026-05-15,58,1.0247708043946488
2026-05-18 08:00:00+00:00,2026-05-28 00:00:00+00:00,10,0.8061122536911967,158.182,2.3725975014059424,2026-05-15,58,0.8061122536911967
2026-05-19 08:00:00+00:00,2026-05-29 00:00:00+00:00,10,0.6711357025917266,158.452,2.11070488945151,2026-05-15,58,0.6711357025917266
2026-05-20 08:00:00+00:00,2026-05-30 00:00:00+00:00,10,0.386497463384984,158.636,1.8144356971812945,2026-05-15,58,0.386497463384984
2026-05-21 08:00:00+00:00,2026-05-31 00:00:00+00:00,10,0.0890840506943391,158.879,1.600031686863252,2026-05-15,58,0.0890840506943391
2026-05-22 08:00:00+00:00,2026-06-01 00:00:00+00:00,10,-0.1906369306087185,159.147,1.1723491552355894,2026-05-15,58,-0.1906369306087185
2026-05-23 08:00:00+00:00,2026-06-02 00:00:00+00:00,10,-0.4517654612075148,159.305,1.1552650816447598,2026-05-15,58,-0.4517654612075148
2026-05-24 08:00:00+00:00,2026-06-03 00:00:00+00:00,10,-0.7112696111866512,159.325,0.981039121159898,2026-05-15,58,-0.7112696111866512
2026-05-25 08:00:00+00:00,2026-06-04 00:00:00+00:00,10,-1.0109392768344208,159.348,0.8177916394991569,2026-05-15,58,-1.0109392768344208
2026-05-26 08:00:00+00:00,2026-06-05 00:00:00+00:00,10,-1.241258643216554,159.364,0.7269921476444665,2026-05-15,58,-1.241258643216554
2026-05-27 08:00:00+00:00,2026-06-06 00:00:00+00:00,10,-1.8676547474773884,159.432,-0.5472016094564527,2026-05-15,58,-1.8676547474773884
2026-05-28 08:00:00+00:00,2026-06-07 00:00:00+00:00,10,-1.8677357973807889,159.457,-0.9935083977197534,2026-05-15,58,-1.8677357973807889
2026-05-29 08:00:00+00:00,2026-06-08 00:00:00+00:00,10,-2.143062535730394,159.418,-0.951101728894522,2026-05-15,58,-2.143062535730394
2026-05-30 08:00:00+00:00,2026-06-09 00:00:00+00:00,10,-2.239307158708357,159.349,-2.7191664671065094,2026-05-15,58,-2.239307158708357
2026-05-31 08:00:00+00:00,2026-06-10 00:00:00+00:00,10,-2.6441089774705517,159.329,-2.708903952628008,2026-05-15,58,-2.6441089774705517
2026-06-01 08:00:00+00:00,2026-06-11 00:00:00+00:00,10,-3.02653585178615,159.316,-3.613566619691797,2026-05-15,58,-3.02653585178615
2026-06-02 08:00:00+00:00,2026-06-12 00:00:00+00:00,10,-3.0836722627707047,159.065,-3.8544415048757017,2026-05-15,58,-3.0836722627707047
2026-06-03 08:00:00+00:00,2026-06-13 00:00:00+00:00,10,-3.233041617108597,158.844,-3.221859720837621,2026-05-15,58,-3.233041617108597
2026-06-04 08:00:00+00:00,2026-06-14 00:00:00+00:00,10,-3.0514335345451116,158.654,-1.8015776556453975,2026-05-15,58,-3.0514335345451116
2026-05-15 08:00:00+00:00,2026-05-26 00:00:00+00:00,11,1.2351299611226525,157.939,1.2687687248880843,2026-05-15,57,1.2351299611226525
2026-05-16 08:00:00+00:00,2026-05-27 00:00:00+00:00,11,1.0453768927262956,158.118,1.40515628344137,2026-05-15,57,1.0453768927262956
2026-05-17 08:00:00+00:00,2026-05-28 00:00:00+00:00,11,0.8421801823858459,158.142,1.3058443414005527,2026-05-15,57,0.8421801823858459
2026-05-18 08:00:00+00:00,2026-05-29 00:00:00+00:00,11,0.8529838420486726,158.182,2.5890870823933247,2026-05-15,57,0.8529838420486726
2026-05-19 08:00:00+00:00,2026-05-30 00:00:00+00:00,11,0.5713535957458191,158.452,2.259678734487194,2026-05-15,57,0.5713535957458191
2026-05-20 08:00:00+00:00,2026-05-31 00:00:00+00:00,11,0.3524786068652474,158.636,2.0011743952810788,2026-05-15,57,0.3524786068652474
2026-05-21 08:00:00+00:00,2026-06-01 00:00:00+00:00,11,0.0638656753905877,158.879,1.8844988669908789,2026-05-15,57,0.0638656753905877
2026-05-22 08:00:00+00:00,2026-06-02 00:00:00+00:00,11,-0.4786387081964278,159.147,1.4317034181686925,2026-05-15,57,-0.4786387081964278
2026-05-23 08:00:00+00:00,2026-06-03 00:00:00+00:00,11,-0.6424720745739592,159.305,1.4141850345620948,2026-05-15,57,-0.6424720745739592
2026-05-24 08:00:00+00:00,2026-06-04 00:00:00+00:00,11,-0.9929881031312392,159.325,1.2235046413489368,2026-05-15,57,-0.9929881031312392
2026-05-25 08:00:00+00:00,2026-06-05 00:00:00+00:00,11,-1.2529714606377809,159.348,1.0345439958122302,2026-05-15,57,-1.2529714606377809
2026-05-26 08:00:00+00:00,2026-06-06 00:00:00+00:00,11,-1.8117159516711183,159.364,0.9343053579365624,2026-05-15,57,-1.8117159516711183
2026-05-27 08:00:00+00:00,2026-06-07 00:00:00+00:00,11,-2.0503264193895916,159.432,-0.5014921061414266,2026-05-15,57,-2.0503264193895916
2026-05-28 08:00:00+00:00,2026-06-08 00:00:00+00:00,11,-2.096190947372918,159.457,-0.935452492814326,2026-05-15,57,-2.096190947372918
2026-05-29 08:00:00+00:00,2026-06-09 00:00:00+00:00,11,-2.3390892655542643,159.418,-0.877036150893816,2026-05-15,57,-2.3390892655542643
2026-05-30 08:00:00+00:00,2026-06-10 00:00:00+00:00,11,-2.6781278339902883,159.349,-3.0410282653166147,2026-05-15,57,-2.6781278339902883
2026-05-31 08:00:00+00:00,2026-06-11 00:00:00+00:00,11,-3.0517542270899014,159.329,-3.0294513906285685,2026-05-15,57,-3.0517542270899014
2026-06-01 08:00:00+00:00,2026-06-12 00:00:00+00:00,11,-3.371674040358414,159.316,-4.15864331217107,2026-05-15,57,-3.371674040358414
2026-06-02 08:00:00+00:00,2026-06-13 00:00:00+00:00,11,-3.4237482304750415,159.065,-4.396732066342288,2026-05-15,57,-3.4237482304750415
2026-06-03 08:00:00+00:00,2026-06-14 00:00:00+00:00,11,-3.333152026489699,158.844,-3.6176454543849568,2026-05-15,57,-3.333152026489699
2026-06-04 08:00:00+00:00,2026-06-15 00:00:00+00:00,11,-3.124012967953149,158.654,-1.970241332684286,2026-05-15,57,-3.124012967953149
2026-05-15 08:00:00+00:00,2026-05-27 00:00:00+00:00,12,1.2910687569289223,157.939,1.4624921760761431,2026-05-15,56,1.2910687569289223
2026-05-16 08:00:00+00:00,2026-05-28 00:00:00+00:00,12,0.8627862707174927,158.118,1.5969076098897317,2026-05-15,56,0.8627862707174927
2026-05-17 08:00:00+00:00,2026-05-29 00:00:00+00:00,12,0.8890517707433219,158.142,1.5097150720986527,2026-05-15,56,0.8890517707433219
2026-05-18 08:00:00+00:00,2026-05-30 00:00:00+00:00,12,0.7532017352027651,158.182,2.9206064485926975,2026-05-15,56,0.7532017352027651
2026-05-19 08:00:00+00:00,2026-05-31 00:00:00+00:00,12,0.5373347392260825,158.452,2.4911211204366595,2026-05-15,56,0.5373347392260825
2026-05-20 08:00:00+00:00,2026-06-01 00:00:00+00:00,12,0.3272602315614961,158.636,2.246134349659051,2026-05-15,56,0.3272602315614961
2026-05-21 08:00:00+00:00,2026-06-02 00:00:00+00:00,12,-0.2241361021971215,158.879,2.190229674058509,2026-05-15,56,-0.2241361021971215
2026-05-22 08:00:00+00:00,2026-06-03 00:00:00+00:00,12,-0.6693453215628722,159.147,1.6924555660212648,2026-05-15,56,-0.6693453215628722
2026-05-23 08:00:00+00:00,2026-06-04 00:00:00+00:00,12,-0.924190566518547,159.305,1.6882069040487595,2026-05-15,56,-0.924190566518547
2026-05-24 08:00:00+00:00,2026-06-05 00:00:00+00:00,12,-1.2350202869345992,159.325,1.4985465858864706,2026-05-15,56,-1.2350202869345992
2026-05-25 08:00:00+00:00,2026-06-06 00:00:00+00:00,12,-1.8234287690923452,159.348,1.2744395145695155,2026-05-15,56,-1.8234287690923452
2026-05-26 08:00:00+00:00,2026-06-07 00:00:00+00:00,12,-1.9943876235833216,159.364,1.165787264612664,2026-05-15,56,-1.9943876235833216
2026-05-27 08:00:00+00:00,2026-06-08 00:00:00+00:00,12,-2.278781569381721,159.432,-0.4531373792264506,2026-05-15,56,-2.278781569381721
2026-05-28 08:00:00+00:00,2026-06-09 00:00:00+00:00,12,-2.2922176771967884,159.457,-0.8702817152630815,2026-05-15,56,-2.2922176771967884
2026-05-29 08:00:00+00:00,2026-06-10 00:00:00+00:00,12,-2.777909940836196,159.418,-0.7773997638970909,2026-05-15,56,-2.777909940836196
2026-05-30 08:00:00+00:00,2026-06-11 00:00:00+00:00,12,-3.085773083609638,159.349,-3.37562693838377,2026-05-15,56,-3.085773083609638
2026-05-31 08:00:00+00:00,2026-06-12 00:00:00+00:00,12,-3.396892415662166,159.329,-3.3686981256268873,2026-05-15,56,-3.396892415662166
2026-06-01 08:00:00+00:00,2026-06-13 00:00:00+00:00,12,-3.711750008062751,159.316,-4.7451591011762435,2026-05-15,56,-3.711750008062751
2026-06-02 08:00:00+00:00,2026-06-14 00:00:00+00:00,12,-3.523858639856144,159.065,-4.934537482156937,2026-05-15,56,-3.523858639856144
2026-06-03 08:00:00+00:00,2026-06-15 00:00:00+00:00,12,-3.405731459897737,158.844,-3.95109972144269,2026-05-15,56,-3.405731459897737
2026-06-04 08:00:00+00:00,2026-06-16 00:00:00+00:00,12,-3.519643154893487,158.654,-2.042132989343519,2026-05-15,56,-3.519643154893487
2026-05-15 08:00:00+00:00,2026-05-28 00:00:00+00:00,13,1.1084781349201194,157.939,1.7075415518947592,2026-05-15,55,1.1084781349201194
2026-05-16 08:00:00+00:00,2026-05-29 00:00:00+00:00,13,0.9096578590749688,158.118,1.8527771402246191,2026-05-15,55,0.9096578590749688
2026-05-17 08:00:00+00:00,2026-05-30 00:00:00+00:00,13,0.7892696638974144,158.142,1.73921526437804,2026-05-15,55,0.7892696638974144
2026-05-18 08:00:00+00:00,2026-05-31 00:00:00+00:00,13,0.7191828786830285,158.182,3.276631125359429,2026-05-15,55,0.7191828786830285
2026-05-19 08:00:00+00:00,2026-06-01 00:00:00+00:00,13,0.5121163639223312,158.452,2.785141986282124,2026-05-15,55,0.5121163639223312
2026-05-20 08:00:00+00:00,2026-06-02 00:00:00+00:00,13,0.0392584539737868,158.636,2.5614569769746347,2026-05-15,55,0.0392584539737868
2026-05-21 08:00:00+00:00,2026-06-03 00:00:00+00:00,13,-0.4148427155635659,158.879,2.6118906488540645,2026-05-15,55,-0.4148427155635659
2026-05-22 08:00:00+00:00,2026-06-04 00:00:00+00:00,13,-0.95106381350746,159.147,2.0730924456432014,2026-05-15,55,-0.95106381350746
2026-05-23 08:00:00+00:00,2026-06-05 00:00:00+00:00,13,-1.1662227503219071,159.305,2.050145913795502,2026-05-15,55,-1.1662227503219071
2026-05-24 08:00:00+00:00,2026-06-06 00:00:00+00:00,13,-1.8054775953891635,159.325,1.8359940294633303,2026-05-15,55,-1.8054775953891635
2026-05-25 08:00:00+00:00,2026-06-07 00:00:00+00:00,13,-2.0061004410045484,159.348,1.595936863877471,2026-05-15,55,-2.0061004410045484
2026-05-26 08:00:00+00:00,2026-06-08 00:00:00+00:00,13,-2.222842773575451,159.364,1.4853881412022472,2026-05-15,55,-2.222842773575451
2026-05-27 08:00:00+00:00,2026-06-09 00:00:00+00:00,13,-2.4748082992055913,159.432,-0.2893599595636198,2026-05-15,55,-2.4748082992055913
2026-05-28 08:00:00+00:00,2026-06-10 00:00:00+00:00,13,-2.73103835247872,159.457,-0.6944929749407267,2026-05-15,55,-2.73103835247872
2026-05-29 08:00:00+00:00,2026-06-11 00:00:00+00:00,13,-3.1855551904555455,159.418,-0.5859922857793798,2026-05-15,55,-3.1855551904555455
2026-05-30 08:00:00+00:00,2026-06-12 00:00:00+00:00,13,-3.430911272181902,159.349,-3.67085089596877,2026-05-15,55,-3.430911272181902
2026-05-31 08:00:00+00:00,2026-06-13 00:00:00+00:00,13,-3.736968383366502,159.329,-3.6543799497304943,2026-05-15,55,-3.736968383366502
2026-06-01 08:00:00+00:00,2026-06-14 00:00:00+00:00,13,-3.811860417443853,159.316,-5.289287112179461,2026-05-15,55,-3.811860417443853
2026-06-02 08:00:00+00:00,2026-06-15 00:00:00+00:00,13,-3.5964380732641814,159.065,-5.483472756881151,2026-05-15,55,-3.5964380732641814
2026-06-03 08:00:00+00:00,2026-06-16 00:00:00+00:00,13,-3.801361646838074,158.844,-4.282929439452244,2026-05-15,55,-3.801361646838074
2026-06-04 08:00:00+00:00,2026-06-17 00:00:00+00:00,13,-3.908134930313992,158.654,-2.0952100584953515,2026-05-15,55,-3.908134930313992
2026-05-15 08:00:00+00:00,2026-05-29 00:00:00+00:00,14,1.155349723277595,157.939,2.083547801778975,2026-05-15,54,1.155349723277595
2026-05-16 08:00:00+00:00,2026-05-30 00:00:00+00:00,14,0.8098757522290612,158.118,2.2253474200063006,2026-05-15,54,0.8098757522290612
2026-05-17 08:00:00+00:00,2026-05-31 00:00:00+00:00,14,0.7552508073776778,158.142,2.0974374737406003,2026-05-15,54,0.7552508073776778
2026-05-18 08:00:00+00:00,2026-06-01 00:00:00+00:00,14,0.6939645033792772,158.182,3.814872453969619,2026-05-15,54,0.6939645033792772
2026-05-19 08:00:00+00:00,2026-06-02 00:00:00+00:00,14,0.2241145863346219,158.452,3.210605873874111,2026-05-15,54,0.2241145863346219
2026-05-20 08:00:00+00:00,2026-06-03 00:00:00+00:00,14,-0.1514481593926575,158.636,2.994266228072468,2026-05-15,54,-0.1514481593926575
2026-05-21 08:00:00+00:00,2026-06-04 00:00:00+00:00,14,-0.6965612075081538,158.879,3.12533059097935,2026-05-15,54,-0.6965612075081538
2026-05-22 08:00:00+00:00,2026-06-05 00:00:00+00:00,14,-1.1930959973108202,159.147,2.505578541063005,2026-05-15,54,-1.1930959973108202
2026-05-23 08:00:00+00:00,2026-06-06 00:00:00+00:00,14,-1.7366800587764717,159.305,2.467523851786982,2026-05-15,54,-1.7366800587764717
2026-05-24 08:00:00+00:00,2026-06-07 00:00:00+00:00,14,-1.9881492673013668,159.325,2.2491140464483,2026-05-15,54,-1.9881492673013668
2026-05-25 08:00:00+00:00,2026-06-08 00:00:00+00:00,14,-2.2345555909966777,159.348,2.00090814310721,2026-05-15,54,-2.2345555909966777
2026-05-26 08:00:00+00:00,2026-06-09 00:00:00+00:00,14,-2.4188695033993213,159.364,1.8979328283274792,2026-05-15,54,-2.4188695033993213
2026-05-27 08:00:00+00:00,2026-06-10 00:00:00+00:00,14,-2.913628974487523,159.432,-0.0745996524558876,2026-05-15,54,-2.913628974487523
2026-05-28 08:00:00+00:00,2026-06-11 00:00:00+00:00,14,-3.1386836020980695,159.457,-0.4802590651132057,2026-05-15,54,-3.1386836020980695
2026-05-29 08:00:00+00:00,2026-06-12 00:00:00+00:00,14,-3.5306933790278094,159.418,-0.3434712733533622,2026-05-15,54,-3.5306933790278094
2026-05-30 08:00:00+00:00,2026-06-13 00:00:00+00:00,14,-3.7709872398862383,159.349,-4.018406566128806,2026-05-15,54,-3.7709872398862383
2026-05-31 08:00:00+00:00,2026-06-14 00:00:00+00:00,14,-3.837078792747605,159.329,-3.994331595142257,2026-05-15,54,-3.837078792747605
2026-06-01 08:00:00+00:00,2026-06-15 00:00:00+00:00,14,-3.8844398508518903,159.316,-5.930370749156128,2026-05-15,54,-3.8844398508518903
2026-06-02 08:00:00+00:00,2026-06-16 00:00:00+00:00,14,-3.992068260204519,159.065,-6.096071580702133,2026-05-15,54,-3.992068260204519
2026-06-03 08:00:00+00:00,2026-06-17 00:00:00+00:00,14,-4.1898534222585795,158.844,-4.6145014195561975,2026-05-15,54,-4.1898534222585795
2026-06-04 08:00:00+00:00,2026-06-18 00:00:00+00:00,14,-4.273075630545975,158.654,-2.070815707695883,2026-05-15,54,-4.273075630545975
2026-06-05 08:00:00+00:00,2026-06-06 00:00:00+00:00,1,-0.5704573084545643,158.405,-0.1820935729828462,2026-06-05,88,-0.5704573084545643
2026-06-06 08:00:00+00:00,2026-06-07 00:00:00+00:00,1,-0.1826716719122032,158.067,-0.2137658721947967,2026-06-05,88,-0.1826716719122032
2026-06-07 08:00:00+00:00,2026-06-08 00:00:00+00:00,1,-0.2284551499921292,157.974,-0.1971935574072123,2026-06-05,88,-0.2284551499921292
2026-06-08 08:00:00+00:00,2026-06-09 00:00:00+00:00,1,-0.1960267298238704,157.882,-0.2258566363535901,2026-06-05,88,-0.1960267298238704
2026-06-09 08:00:00+00:00,2026-06-10 00:00:00+00:00,1,-0.4388206752819314,157.509,-0.2693821089648459,2026-06-05,88,-0.4388206752819314
2026-06-10 08:00:00+00:00,2026-06-11 00:00:00+00:00,1,-0.4076452496193496,157.093,-0.3449538043383456,2026-06-05,88,-0.4076452496193496
2026-06-11 08:00:00+00:00,2026-06-12 00:00:00+00:00,1,-0.3451381885722639,156.688,-0.3204078494365315,2026-06-05,88,-0.3451381885722639
2026-06-12 08:00:00+00:00,2026-06-13 00:00:00+00:00,1,-0.3400759677043368,156.341,-0.35213683455871,2026-06-05,88,-0.3400759677043368
2026-06-13 08:00:00+00:00,2026-06-14 00:00:00+00:00,1,-0.1001104093811022,156.021,-0.3681340732187989,2026-06-05,88,-0.1001104093811022
2026-06-14 08:00:00+00:00,2026-06-15 00:00:00+00:00,1,-0.0725794334080376,155.928,-0.3452796297528254,2026-06-05,88,-0.0725794334080376
2026-06-15 08:00:00+00:00,2026-06-16 00:00:00+00:00,1,-0.3956301869403376,155.859,-0.3798031929451672,2026-06-05,88,-0.3956301869403376
2026-06-16 08:00:00+00:00,2026-06-17 00:00:00+00:00,1,-0.3884917754205048,155.443,-0.4847450135889535,2026-06-05,88,-0.3884917754205048
2026-06-17 08:00:00+00:00,2026-06-18 00:00:00+00:00,1,-0.3649407002319833,155.105,-0.4986443759954551,2026-06-05,88,-0.3649407002319833
2026-06-18 08:00:00+00:00,2026-06-19 00:00:00+00:00,1,-0.302631958371137,154.731,-0.4576852220581018,2026-06-05,88,-0.302631958371137
2026-06-19 08:00:00+00:00,2026-06-20 00:00:00+00:00,1,-0.5310785049752269,154.431,-0.3777748973584699,2026-06-05,88,-0.5310785049752269
2026-06-20 08:00:00+00:00,2026-06-21 00:00:00+00:00,1,-0.3166909466459628,153.947,-0.4104595470017119,2026-06-05,88,-0.3166909466459628
2026-06-21 08:00:00+00:00,2026-06-22 00:00:00+00:00,1,-0.1156520319196943,153.775,-0.3857241378287476,2026-06-05,88,-0.1156520319196943
2026-06-22 08:00:00+00:00,2026-06-23 00:00:00+00:00,1,-0.5051986519521847,153.676,-0.3704367492246346,2026-06-05,88,-0.5051986519521847
2026-06-23 08:00:00+00:00,2026-06-24 00:00:00+00:00,1,-0.4178932253045389,153.171,-0.3911218829463477,2026-06-05,88,-0.4178932253045389
2026-06-24 08:00:00+00:00,2026-06-25 00:00:00+00:00,1,-0.3501239094990751,152.682,-0.3146882596201176,2026-06-05,88,-0.3501239094990751
2026-06-25 08:00:00+00:00,2026-06-26 00:00:00+00:00,1,-0.233794322325906,152.32,-0.3048096292931814,2026-06-05,88,-0.233794322325906
2026-06-05 08:00:00+00:00,2026-06-07 00:00:00+00:00,2,-0.7531289803667676,158.405,-0.3621666515645336,2026-06-05,87,-0.7531289803667676
2026-06-06 08:00:00+00:00,2026-06-08 00:00:00+00:00,2,-0.4111268219043325,158.067,-0.4185683749942113,2026-06-05,87,-0.4111268219043325
2026-06-07 08:00:00+00:00,2026-06-09 00:00:00+00:00,2,-0.4244818798159997,157.974,-0.4145627595654426,2026-06-05,87,-0.4244818798159997
2026-06-08 08:00:00+00:00,2026-06-10 00:00:00+00:00,2,-0.634847405105802,157.882,-0.4545240731389558,2026-06-05,87,-0.634847405105802
2026-06-09 08:00:00+00:00,2026-06-11 00:00:00+00:00,2,-0.8464659249012811,157.509,-0.5126121441561473,2026-06-05,87,-0.8464659249012811
2026-06-10 08:00:00+00:00,2026-06-12 00:00:00+00:00,2,-0.7527834381916136,157.093,-0.6790686265391284,2026-06-05,87,-0.7527834381916136
2026-06-11 08:00:00+00:00,2026-06-13 00:00:00+00:00,2,-0.6852141562766008,156.688,-0.6235507258459199,2026-06-05,87,-0.6852141562766008
2026-06-12 08:00:00+00:00,2026-06-14 00:00:00+00:00,2,-0.440186377085439,156.341,-0.6803633247510474,2026-06-05,87,-0.440186377085439
2026-06-13 08:00:00+00:00,2026-06-15 00:00:00+00:00,2,-0.1726898427891399,156.021,-0.7191266866203383,2026-06-05,87,-0.1726898427891399
2026-06-14 08:00:00+00:00,2026-06-16 00:00:00+00:00,2,-0.4682096203483752,155.928,-0.6983950932211052,2026-06-05,87,-0.4682096203483752
2026-06-15 08:00:00+00:00,2026-06-17 00:00:00+00:00,2,-0.7841219623608424,155.859,-0.7785576011586339,2026-06-05,87,-0.7841219623608424
2026-06-16 08:00:00+00:00,2026-06-18 00:00:00+00:00,2,-0.7534324756524882,155.443,-0.9625458342173864,2026-06-05,87,-0.7534324756524882
2026-06-17 08:00:00+00:00,2026-06-19 00:00:00+00:00,2,-0.6675726586031203,155.105,-0.9970758475663828,2026-06-05,87,-0.6675726586031203
2026-06-18 08:00:00+00:00,2026-06-20 00:00:00+00:00,2,-0.8337104633463639,154.731,-0.9165659527992176,2026-06-05,87,-0.8337104633463639
2026-06-19 08:00:00+00:00,2026-06-21 00:00:00+00:00,2,-0.8477694516211898,154.431,-0.7560113414638863,2026-06-05,87,-0.8477694516211898
2026-06-20 08:00:00+00:00,2026-06-22 00:00:00+00:00,2,-0.4323429785656572,153.947,-0.8038415002413819,2026-06-05,87,-0.4323429785656572
2026-06-21 08:00:00+00:00,2026-06-23 00:00:00+00:00,2,-0.620850683871879,153.775,-0.7908779372310311,2026-06-05,87,-0.620850683871879
2026-06-22 08:00:00+00:00,2026-06-24 00:00:00+00:00,2,-0.9230918772567236,153.676,-0.766066321156406,2026-06-05,87,-0.9230918772567236
2026-06-23 08:00:00+00:00,2026-06-25 00:00:00+00:00,2,-0.768017134803614,153.171,-0.7446248236824633,2026-06-05,87,-0.768017134803614
2026-06-24 08:00:00+00:00,2026-06-26 00:00:00+00:00,2,-0.5839182318249811,152.682,-0.5880090601650307,2026-06-05,87,-0.5839182318249811
2026-06-25 08:00:00+00:00,2026-06-27 00:00:00+00:00,2,-0.4907058979711678,152.32,-0.5736014207402123,2026-06-05,87,-0.4907058979711678
2026-06-05 08:00:00+00:00,2026-06-08 00:00:00+00:00,3,-0.9815841303588968,158.405,-0.5935610351511249,2026-06-05,86,-0.9815841303588968
2026-06-06 08:00:00+00:00,2026-06-09 00:00:00+00:00,3,-0.607153551728203,158.067,-0.6758508117934059,2026-06-05,86,-0.607153551728203
2026-06-07 08:00:00+00:00,2026-06-10 00:00:00+00:00,3,-0.8633025550979312,157.974,-0.655932034968751,2026-06-05,86,-0.8633025550979312
2026-06-08 08:00:00+00:00,2026-06-11 00:00:00+00:00,3,-1.0424926547251516,157.882,-0.7274103517962445,2026-06-05,86,-1.0424926547251516
2026-06-09 08:00:00+00:00,2026-06-12 00:00:00+00:00,3,-1.1916041134735451,157.509,-0.8218898018519032,2026-06-05,86,-1.1916041134735451
2026-06-10 08:00:00+00:00,2026-06-13 00:00:00+00:00,3,-1.0928594058959504,157.093,-1.0506549395186344,2026-06-05,86,-1.0928594058959504
2026-06-11 08:00:00+00:00,2026-06-14 00:00:00+00:00,3,-0.785324565657703,156.688,-0.942027066407007,2026-06-05,86,-0.785324565657703
2026-06-12 08:00:00+00:00,2026-06-15 00:00:00+00:00,3,-0.5127658104934767,156.341,-1.0231035837886644,2026-06-05,86,-0.5127658104934767
2026-06-13 08:00:00+00:00,2026-06-16 00:00:00+00:00,3,-0.5683200297294775,156.021,-1.0735206869671952,2026-06-05,86,-0.5683200297294775
2026-06-14 08:00:00+00:00,2026-06-17 00:00:00+00:00,3,-0.85670139576888,155.928,-1.0326910788428807,2026-06-05,86,-0.85670139576888
2026-06-15 08:00:00+00:00,2026-06-18 00:00:00+00:00,3,-1.1490626625928255,155.859,-1.1605470403100018,2026-06-05,86,-1.1490626625928255
2026-06-16 08:00:00+00:00,2026-06-19 00:00:00+00:00,3,-1.0560644340236252,155.443,-1.467216047885859,2026-06-05,86,-1.0560644340236252
2026-06-17 08:00:00+00:00,2026-06-20 00:00:00+00:00,3,-1.1986511635783472,155.105,-1.5191298681958174,2026-06-05,86,-1.1986511635783472
2026-06-18 08:00:00+00:00,2026-06-21 00:00:00+00:00,3,-1.1504014099923268,154.731,-1.391590673116581,2026-06-05,86,-1.1504014099923268
2026-06-19 08:00:00+00:00,2026-06-22 00:00:00+00:00,3,-0.963421483540884,154.431,-1.126790976878097,2026-06-05,86,-0.963421483540884
2026-06-20 08:00:00+00:00,2026-06-23 00:00:00+00:00,3,-0.937541630517842,153.947,-1.201628795205408,2026-06-05,86,-0.937541630517842
2026-06-21 08:00:00+00:00,2026-06-24 00:00:00+00:00,3,-1.038743909176418,153.775,-1.165600646092391,2026-06-05,86,-1.038743909176418
2026-06-22 08:00:00+00:00,2026-06-25 00:00:00+00:00,3,-1.2732157867557987,153.676,-1.128730574917412,2026-06-05,86,-1.2732157867557987
2026-06-23 08:00:00+00:00,2026-06-26 00:00:00+00:00,3,-1.00181145712952,153.171,-1.141856360227052,2026-06-05,86,-1.00181145712952
2026-06-24 08:00:00+00:00,2026-06-27 00:00:00+00:00,3,-0.8408298074702429,152.682,-0.8959882093940732,2026-06-05,86,-0.8408298074702429
2026-06-25 08:00:00+00:00,2026-06-28 00:00:00+00:00,3,-0.5817424154660955,152.32,-0.8628757808038858,2026-06-05,86,-0.5817424154660955
2026-06-05 08:00:00+00:00,2026-06-09 00:00:00+00:00,4,-1.1776108601827673,158.405,-0.857087881709126,2026-06-05,85,-1.1776108601827673
2026-06-06 08:00:00+00:00,2026-06-10 00:00:00+00:00,4,-1.0459742270101344,158.067,-0.96593668770667,2026-06-05,85,-1.0459742270101344
2026-06-07 08:00:00+00:00,2026-06-11 00:00:00+00:00,4,-1.2709478047172809,157.974,-0.9120604366476872,2026-06-05,85,-1.2709478047172809
2026-06-08 08:00:00+00:00,2026-06-12 00:00:00+00:00,4,-1.3876308432974156,157.882,-1.024814364242518,2026-06-05,85,-1.3876308432974156
2026-06-09 08:00:00+00:00,2026-06-13 00:00:00+00:00,4,-1.531680081177882,157.509,-1.1652178601100496,2026-06-05,85,-1.531680081177882
2026-06-10 08:00:00+00:00,2026-06-14 00:00:00+00:00,4,-1.1929698152770527,157.093,-1.4283195799730977,2026-06-05,85,-1.1929698152770527
2026-06-11 08:00:00+00:00,2026-06-15 00:00:00+00:00,4,-0.8579039990657407,156.688,-1.251448407875857,2026-06-05,85,-0.8579039990657407
2026-06-12 08:00:00+00:00,2026-06-16 00:00:00+00:00,4,-0.9083959974338144,156.341,-1.3547539652808709,2026-06-05,85,-0.9083959974338144
2026-06-13 08:00:00+00:00,2026-06-17 00:00:00+00:00,4,-0.9568118051499824,156.021,-1.409812010334344,2026-06-05,85,-0.9568118051499824
2026-06-14 08:00:00+00:00,2026-06-18 00:00:00+00:00,4,-1.2216420960008634,155.928,-1.3347574047384474,2026-06-05,85,-1.2216420960008634
2026-06-15 08:00:00+00:00,2026-06-19 00:00:00+00:00,4,-1.4516946209639627,155.859,-1.508343716672222,2026-06-05,85,-1.4516946209639627
2026-06-16 08:00:00+00:00,2026-06-20 00:00:00+00:00,4,-1.587142938998852,155.443,-1.9502322533081464,2026-06-05,85,-1.587142938998852
2026-06-17 08:00:00+00:00,2026-06-21 00:00:00+00:00,4,-1.51534211022431,155.105,-2.0143796510106977,2026-06-05,85,-1.51534211022431
2026-06-18 08:00:00+00:00,2026-06-22 00:00:00+00:00,4,-1.266053441912021,154.731,-1.8338616338763836,2026-06-05,85,-1.266053441912021
2026-06-19 08:00:00+00:00,2026-06-23 00:00:00+00:00,4,-1.4686201354930688,154.431,-1.460081452518872,2026-06-05,85,-1.4686201354930688
2026-06-20 08:00:00+00:00,2026-06-24 00:00:00+00:00,4,-1.3554348558223808,153.947,-1.569495429567506,2026-06-05,85,-1.3554348558223808
2026-06-21 08:00:00+00:00,2026-06-25 00:00:00+00:00,4,-1.388867818675493,153.775,-1.4883339907881887,2026-06-05,85,-1.388867818675493
2026-06-22 08:00:00+00:00,2026-06-26 00:00:00+00:00,4,-1.5070101090817047,153.676,-1.4377241463957011,2026-06-05,85,-1.5070101090817047
2026-06-23 08:00:00+00:00,2026-06-27 00:00:00+00:00,4,-1.2587230327747818,153.171,-1.5465005740761797,2026-06-05,85,-1.2587230327747818
2026-06-24 08:00:00+00:00,2026-06-28 00:00:00+00:00,4,-0.9318663249651706,152.682,-1.2153989778492371,2026-06-05,85,-0.9318663249651706
2026-06-25 08:00:00+00:00,2026-06-29 00:00:00+00:00,4,-0.6142338586757887,152.32,-1.1445206836264212,2026-06-05,85,-0.6142338586757887
2026-06-05 08:00:00+00:00,2026-06-10 00:00:00+00:00,5,-1.6164315354646988,158.405,-1.1280216929397338,2026-06-05,84,-1.6164315354646988
2026-06-06 08:00:00+00:00,2026-06-11 00:00:00+00:00,5,-1.453619476629484,158.067,-1.2551316060795628,2026-06-05,84,-1.453619476629484
2026-06-07 08:00:00+00:00,2026-06-12 00:00:00+00:00,5,-1.6160859932895448,157.974,-1.183804711783388,2026-06-05,84,-1.6160859932895448
2026-06-08 08:00:00+00:00,2026-06-13 00:00:00+00:00,5,-1.7277068110017524,157.882,-1.3550256037939197,2026-06-05,84,-1.7277068110017524
2026-06-09 08:00:00+00:00,2026-06-14 00:00:00+00:00,5,-1.6317904905589842,157.509,-1.5273051382840344,2026-06-05,84,-1.6317904905589842
2026-06-10 08:00:00+00:00,2026-06-15 00:00:00+00:00,5,-1.2655492486850903,157.093,-1.8282062722693329,2026-06-05,84,-1.2655492486850903
2026-06-11 08:00:00+00:00,2026-06-16 00:00:00+00:00,5,-1.2535341860060782,156.688,-1.5727757002600884,2026-06-05,84,-1.2535341860060782
2026-06-12 08:00:00+00:00,2026-06-17 00:00:00+00:00,5,-1.296887772854319,156.341,-1.7089162536874694,2026-06-05,84,-1.296887772854319
2026-06-13 08:00:00+00:00,2026-06-18 00:00:00+00:00,5,-1.3217525053819656,156.021,-1.767459212467897,2026-06-05,84,-1.3217525053819656
2026-06-14 08:00:00+00:00,2026-06-19 00:00:00+00:00,5,-1.5242740543720004,155.928,-1.6754275938462757,2026-06-05,84,-1.5242740543720004
2026-06-15 08:00:00+00:00,2026-06-20 00:00:00+00:00,5,-1.9827731259391896,155.859,-1.9087490939091865,2026-06-05,84,-1.9827731259391896
2026-06-16 08:00:00+00:00,2026-06-21 00:00:00+00:00,5,-1.903833885644815,155.443,-2.4991903537378093,2026-06-05,84,-1.903833885644815
2026-06-17 08:00:00+00:00,2026-06-22 00:00:00+00:00,5,-1.6309941421440044,155.105,-2.5905998668694226,2026-06-05,84,-1.6309941421440044
2026-06-18 08:00:00+00:00,2026-06-23 00:00:00+00:00,5,-1.7712520938642058,154.731,-2.348921977990509,2026-06-05,84,-1.7712520938642058
2026-06-19 08:00:00+00:00,2026-06-24 00:00:00+00:00,5,-1.8865133607976077,154.431,-1.8384882207464488,2026-06-05,84,-1.8865133607976077
2026-06-20 08:00:00+00:00,2026-06-25 00:00:00+00:00,5,-1.705558765321456,153.947,-1.966294214361028,2026-06-05,84,-1.705558765321456
2026-06-21 08:00:00+00:00,2026-06-26 00:00:00+00:00,5,-1.622662141001399,153.775,-1.8614598646667055,2026-06-05,84,-1.622662141001399
2026-06-22 08:00:00+00:00,2026-06-27 00:00:00+00:00,5,-1.7639216847269663,153.676,-1.8048995107874544,2026-06-05,84,-1.7639216847269663
2026-06-23 08:00:00+00:00,2026-06-28 00:00:00+00:00,5,-1.3497595502697095,153.171,-1.975178101431305,2026-06-05,84,-1.3497595502697095
2026-06-24 08:00:00+00:00,2026-06-29 00:00:00+00:00,5,-0.9643577681748638,152.682,-1.5331252563531887,2026-06-05,84,-0.9643577681748638
2026-06-25 08:00:00+00:00,2026-06-30 00:00:00+00:00,5,-0.8248618509541643,152.32,-1.450099807865363,2026-06-05,84,-0.8248618509541643
2026-06-05 08:00:00+00:00,2026-06-11 00:00:00+00:00,6,-2.0240767850840484,158.405,-1.4213010191913586,2026-06-05,83,-2.0240767850840484
2026-06-06 08:00:00+00:00,2026-06-12 00:00:00+00:00,6,-1.798757665201748,158.067,-1.5647142721100178,2026-06-05,83,-1.798757665201748
2026-06-07 08:00:00+00:00,2026-06-13 00:00:00+00:00,6,-1.9561619609938816,157.974,-1.493329044582086,2026-06-05,83,-1.9561619609938816
2026-06-08 08:00:00+00:00,2026-06-14 00:00:00+00:00,6,-1.8278172203828549,157.882,-1.7051920545082548,2026-06-05,83,-1.8278172203828549
2026-06-09 08:00:00+00:00,2026-06-15 00:00:00+00:00,6,-1.7043699239670218,157.509,-1.8873256538422771,2026-06-05,83,-1.7043699239670218
2026-06-10 08:00:00+00:00,2026-06-16 00:00:00+00:00,6,-1.661179435625428,157.093,-2.224676963539248,2026-06-05,83,-1.661179435625428
2026-06-11 08:00:00+00:00,2026-06-17 00:00:00+00:00,6,-1.642025961426583,156.688,-1.8784302081035833,2026-06-05,83,-1.642025961426583
2026-06-12 08:00:00+00:00,2026-06-18 00:00:00+00:00,6,-1.6618284730863024,156.341,-2.0428282026441167,2026-06-05,83,-1.6618284730863024
2026-06-13 08:00:00+00:00,2026-06-19 00:00:00+00:00,6,-1.6243844637531026,156.021,-2.111902605247905,2026-06-05,83,-1.6243844637531026
2026-06-14 08:00:00+00:00,2026-06-20 00:00:00+00:00,6,-2.0553525593472273,155.928,-2.0157784252362063,2026-06-05,83,-2.0553525593472273
2026-06-15 08:00:00+00:00,2026-06-21 00:00:00+00:00,6,-2.2994640725851525,155.859,-2.3057181854778133,2026-06-05,83,-2.2994640725851525
2026-06-16 08:00:00+00:00,2026-06-22 00:00:00+00:00,6,-2.0194859175645092,155.443,-3.0283292803910875,2026-06-05,83,-2.0194859175645092
2026-06-17 08:00:00+00:00,2026-06-23 00:00:00+00:00,6,-2.136192794096189,155.105,-3.1530766382398756,2026-06-05,83,-2.136192794096189
2026-06-18 08:00:00+00:00,2026-06-24 00:00:00+00:00,6,-2.1891453191687447,154.731,-2.8607343864244257,2026-06-05,83,-2.1891453191687447
2026-06-19 08:00:00+00:00,2026-06-25 00:00:00+00:00,6,-2.236637270296683,154.431,-2.215743248209879,2026-06-05,83,-2.236637270296683
2026-06-20 08:00:00+00:00,2026-06-26 00:00:00+00:00,6,-1.939353087647362,153.947,-2.35532831126853,2026-06-05,83,-1.939353087647362
2026-06-21 08:00:00+00:00,2026-06-27 00:00:00+00:00,6,-1.8795737166466608,153.775,-2.2481789618927115,2026-06-05,83,-1.8795737166466608
2026-06-22 08:00:00+00:00,2026-06-28 00:00:00+00:00,6,-1.8549582022218944,153.676,-2.186126441726472,2026-06-05,83,-1.8549582022218944
2026-06-23 08:00:00+00:00,2026-06-29 00:00:00+00:00,6,-1.3822509934794027,153.171,-2.376595600382479,2026-06-05,83,-1.3822509934794027
2026-06-24 08:00:00+00:00,2026-06-30 00:00:00+00:00,6,-1.1749857604532394,152.682,-1.8303437006429453,2026-06-05,83,-1.1749857604532394
2026-06-25 08:00:00+00:00,2026-07-01 00:00:00+00:00,6,-1.0630574248034463,152.32,-1.7393917264305816,2026-06-05,83,-1.0630574248034463
2026-06-05 08:00:00+00:00,2026-06-12 00:00:00+00:00,7,-2.3692149736563124,158.405,-1.690718045285877,2026-06-05,82,-2.3692149736563124
2026-06-06 08:00:00+00:00,2026-06-13 00:00:00+00:00,7,-2.138833632906085,158.067,-1.8608863604779693,2026-06-05,82,-2.138833632906085
2026-06-07 08:00:00+00:00,2026-06-14 00:00:00+00:00,7,-2.056272370374984,157.974,-1.7669088448622248,2026-06-05,82,-2.056272370374984
2026-06-08 08:00:00+00:00,2026-06-15 00:00:00+00:00,7,-1.9003966537908925,157.882,-2.010135682966241,2026-06-05,82,-1.9003966537908925
2026-06-09 08:00:00+00:00,2026-06-16 00:00:00+00:00,7,-2.1000001109073594,157.509,-2.2131969072231295,2026-06-05,82,-2.1000001109073594
2026-06-10 08:00:00+00:00,2026-06-17 00:00:00+00:00,7,-2.0496712110459328,157.093,-2.545350642027725,2026-06-05,82,-2.0496712110459328
2026-06-11 08:00:00+00:00,2026-06-18 00:00:00+00:00,7,-2.0069666616585664,156.688,-2.1106168589904737,2026-06-05,82,-2.0069666616585664
2026-06-12 08:00:00+00:00,2026-06-19 00:00:00+00:00,7,-1.9644604314574392,156.341,-2.306655719866102,2026-06-05,82,-1.9644604314574392
2026-06-13 08:00:00+00:00,2026-06-20 00:00:00+00:00,7,-2.1554629687283295,156.021,-2.3882302075141624,2026-06-05,82,-2.1554629687283295
2026-06-14 08:00:00+00:00,2026-06-21 00:00:00+00:00,7,-2.37204350599319,155.928,-2.263793632071099,2026-06-05,82,-2.37204350599319
2026-06-15 08:00:00+00:00,2026-06-22 00:00:00+00:00,7,-2.415116104504847,155.859,-2.5659821443353863,2026-06-05,82,-2.415116104504847
2026-06-16 08:00:00+00:00,2026-06-23 00:00:00+00:00,7,-2.524684569516694,155.443,-3.418542138430168,2026-06-05,82,-2.524684569516694
2026-06-17 08:00:00+00:00,2026-06-24 00:00:00+00:00,7,-2.554086019400728,155.105,-3.5726588274853626,2026-06-05,82,-2.554086019400728
2026-06-18 08:00:00+00:00,2026-06-25 00:00:00+00:00,7,-2.53926922866782,154.731,-3.26171251578016,2026-06-05,82,-2.53926922866782
2026-06-19 08:00:00+00:00,2026-06-26 00:00:00+00:00,7,-2.470431592622589,154.431,-2.511384901685025,2026-06-05,82,-2.470431592622589
2026-06-20 08:00:00+00:00,2026-06-27 00:00:00+00:00,7,-2.1962646632926237,153.947,-2.685582844676281,2026-06-05,82,-2.1962646632926237
2026-06-21 08:00:00+00:00,2026-06-28 00:00:00+00:00,7,-1.9706102341415883,153.775,-2.5468637823688187,2026-06-05,82,-1.9706102341415883
2026-06-22 08:00:00+00:00,2026-06-29 00:00:00+00:00,7,-1.8874496454315872,153.676,-2.467628740708535,2026-06-05,82,-1.8874496454315872
2026-06-23 08:00:00+00:00,2026-06-30 00:00:00+00:00,7,-1.5928789857577783,153.171,-2.711747132864776,2026-06-05,82,-1.5928789857577783
2026-06-24 08:00:00+00:00,2026-07-01 00:00:00+00:00,7,-1.4131813343025217,152.682,-2.103262392652958,2026-06-05,82,-1.4131813343025217
2026-06-25 08:00:00+00:00,2026-07-02 00:00:00+00:00,7,-1.281093443805048,152.32,-2.0083040406417574,2026-06-05,82,-1.281093443805048
2026-06-05 08:00:00+00:00,2026-06-13 00:00:00+00:00,8,-2.709290941360649,158.405,-1.9615910881798049,2026-06-05,81,-2.709290941360649
2026-06-06 08:00:00+00:00,2026-06-14 00:00:00+00:00,8,-2.238944042287187,158.067,-2.148613196010218,2026-06-05,81,-2.238944042287187
2026-06-07 08:00:00+00:00,2026-06-15 00:00:00+00:00,8,-2.1288518037830215,157.974,-2.053148486353086,2026-06-05,81,-2.1288518037830215
2026-06-08 08:00:00+00:00,2026-06-16 00:00:00+00:00,8,-2.29602684073123,157.882,-2.351437421526404,2026-06-05,81,-2.29602684073123
2026-06-09 08:00:00+00:00,2026-06-17 00:00:00+00:00,8,-2.488491886327864,157.509,-2.547714318009982,2026-06-05,81,-2.488491886327864
2026-06-10 08:00:00+00:00,2026-06-18 00:00:00+00:00,8,-2.414611911277916,157.093,-2.8466058769299245,2026-06-05,81,-2.414611911277916
2026-06-11 08:00:00+00:00,2026-06-19 00:00:00+00:00,8,-2.3095986200297034,156.688,-2.3103984578864667,2026-06-05,81,-2.3095986200297034
2026-06-12 08:00:00+00:00,2026-06-20 00:00:00+00:00,8,-2.4955389364326663,156.341,-2.5569412652276755,2026-06-05,81,-2.4955389364326663
2026-06-13 08:00:00+00:00,2026-06-21 00:00:00+00:00,8,-2.4721539153742924,156.021,-2.649503324186141,2026-06-05,81,-2.4721539153742924
2026-06-14 08:00:00+00:00,2026-06-22 00:00:00+00:00,8,-2.4876955379128844,155.928,-2.519090189867086,2026-06-05,81,-2.4876955379128844
2026-06-15 08:00:00+00:00,2026-06-23 00:00:00+00:00,8,-2.9203147564570315,155.859,-2.836496453600025,2026-06-05,81,-2.9203147564570315
2026-06-16 08:00:00+00:00,2026-06-24 00:00:00+00:00,8,-2.942577794821233,155.443,-3.8039677661857567,2026-06-05,81,-2.942577794821233
2026-06-17 08:00:00+00:00,2026-06-25 00:00:00+00:00,8,-2.904209928899803,155.105,-4.004544834640795,2026-06-05,81,-2.904209928899803
2026-06-18 08:00:00+00:00,2026-06-26 00:00:00+00:00,8,-2.773063550993726,154.731,-3.666532218152547,2026-06-05,81,-2.773063550993726
2026-06-19 08:00:00+00:00,2026-06-27 00:00:00+00:00,8,-2.7273431682678506,154.431,-2.7989821001671,2026-06-05,81,-2.7273431682678506
2026-06-20 08:00:00+00:00,2026-06-28 00:00:00+00:00,8,-2.2873011807875514,153.947,-2.986904814426852,2026-06-05,81,-2.2873011807875514
2026-06-21 08:00:00+00:00,2026-06-29 00:00:00+00:00,8,-2.0031016773512818,153.775,-2.843997820412638,2026-06-05,81,-2.0031016773512818
2026-06-22 08:00:00+00:00,2026-06-30 00:00:00+00:00,8,-2.098077637709963,153.676,-2.757996853791509,2026-06-05,81,-2.098077637709963
2026-06-23 08:00:00+00:00,2026-07-01 00:00:00+00:00,8,-1.8310745596070603,153.171,-3.0403041689154335,2026-06-05,81,-1.8310745596070603
2026-06-24 08:00:00+00:00,2026-07-02 00:00:00+00:00,8,-1.6312173533041232,152.682,-2.3614523353715446,2026-06-05,81,-1.6312173533041232
2026-06-25 08:00:00+00:00,2026-07-03 00:00:00+00:00,8,-1.4220448986739882,152.32,-2.2853085793793735,2026-06-05,81,-1.4220448986739882
2026-06-05 08:00:00+00:00,2026-06-14 00:00:00+00:00,9,-2.8094013507417515,158.405,-2.2149505002173555,2026-06-05,80,-2.8094013507417515
2026-06-06 08:00:00+00:00,2026-06-15 00:00:00+00:00,9,-2.3115234756952248,158.067,-2.4309399321386813,2026-06-05,80,-2.3115234756952248
2026-06-07 08:00:00+00:00,2026-06-16 00:00:00+00:00,9,-2.524481990723359,157.974,-2.2999064670176397,2026-06-05,80,-2.524481990723359
2026-06-08 08:00:00+00:00,2026-06-17 00:00:00+00:00,9,-2.6845186161517347,157.882,-2.641545578671635,2026-06-05,80,-2.6845186161517347
2026-06-09 08:00:00+00:00,2026-06-18 00:00:00+00:00,9,-2.8534325865598476,157.509,-2.861293153214776,2026-06-05,80,-2.8534325865598476
2026-06-10 08:00:00+00:00,2026-06-19 00:00:00+00:00,9,-2.717243869649053,157.093,-3.105963820734014,2026-06-05,80,-2.717243869649053
2026-06-11 08:00:00+00:00,2026-06-20 00:00:00+00:00,9,-2.8406771250049303,156.688,-2.4736462559202828,2026-06-05,80,-2.8406771250049303
2026-06-12 08:00:00+00:00,2026-06-21 00:00:00+00:00,9,-2.812229883078629,156.341,-2.764223866419248,2026-06-05,80,-2.812229883078629
2026-06-13 08:00:00+00:00,2026-06-22 00:00:00+00:00,9,-2.5878059472939867,156.021,-2.866464856701792,2026-06-05,80,-2.5878059472939867
2026-06-14 08:00:00+00:00,2026-06-23 00:00:00+00:00,9,-2.992894189865069,155.928,-2.696124480214692,2026-06-05,80,-2.992894189865069
2026-06-15 08:00:00+00:00,2026-06-24 00:00:00+00:00,9,-3.3382079817615704,155.859,-2.993701086091495,2026-06-05,80,-3.3382079817615704
2026-06-16 08:00:00+00:00,2026-06-25 00:00:00+00:00,9,-3.292701704320308,155.443,-4.104231134505707,2026-06-05,80,-3.292701704320308
2026-06-17 08:00:00+00:00,2026-06-26 00:00:00+00:00,9,-3.138004251225709,155.105,-4.342291689589799,2026-06-05,80,-3.138004251225709
2026-06-18 08:00:00+00:00,2026-06-27 00:00:00+00:00,9,-3.0299751266389876,154.731,-4.010184066000826,2026-06-05,80,-3.0299751266389876
2026-06-19 08:00:00+00:00,2026-06-28 00:00:00+00:00,9,-2.8183796857627783,154.431,-3.0414501182136098,2026-06-05,80,-2.8183796857627783
2026-06-20 08:00:00+00:00,2026-06-29 00:00:00+00:00,9,-2.3197926239972446,153.947,-3.27225488001071,2026-06-05,80,-2.3197926239972446
2026-06-21 08:00:00+00:00,2026-06-30 00:00:00+00:00,9,-2.2137296696296573,153.775,-3.081578479735465,2026-06-05,80,-2.2137296696296573
2026-06-22 08:00:00+00:00,2026-07-01 00:00:00+00:00,9,-2.336273211559245,153.676,-2.975047886998446,2026-06-05,80,-2.336273211559245
2026-06-23 08:00:00+00:00,2026-07-02 00:00:00+00:00,9,-2.049110578608662,153.171,-3.333573113501882,2026-06-05,80,-2.049110578608662
2026-06-24 08:00:00+00:00,2026-07-03 00:00:00+00:00,9,-1.772168808173063,152.682,-2.6135259285985333,2026-06-05,80,-1.772168808173063
2026-06-25 08:00:00+00:00,2026-07-04 00:00:00+00:00,9,-1.576051153814376,152.32,-2.557637653738947,2026-06-05,80,-1.576051153814376
2026-06-05 08:00:00+00:00,2026-06-15 00:00:00+00:00,10,-2.881980784149789,158.405,-2.4438272967137906,2026-06-05,79,-2.881980784149789
2026-06-06 08:00:00+00:00,2026-06-16 00:00:00+00:00,10,-2.7071536626355623,158.067,-2.687218222037821,2026-06-05,79,-2.7071536626355623
2026-06-07 08:00:00+00:00,2026-06-17 00:00:00+00:00,10,-2.912973766143864,157.974,-2.520449533779216,2026-06-05,79,-2.912973766143864
2026-06-08 08:00:00+00:00,2026-06-18 00:00:00+00:00,10,-3.049459316383718,157.882,-2.89367156822891,2026-06-05,79,-3.049459316383718
2026-06-09 08:00:00+00:00,2026-06-19 00:00:00+00:00,10,-3.1560645449309845,157.509,-3.129060168184909,2026-06-05,79,-3.1560645449309845
2026-06-10 08:00:00+00:00,2026-06-20 00:00:00+00:00,10,-3.24832237462428,157.093,-3.301992239487069,2026-06-05,79,-3.24832237462428
2026-06-11 08:00:00+00:00,2026-06-21 00:00:00+00:00,10,-3.157368071650893,156.688,-2.5639794595356107,2026-06-05,79,-3.157368071650893
2026-06-12 08:00:00+00:00,2026-06-22 00:00:00+00:00,10,-2.9278819149983235,156.341,-2.8901665420849683,2026-06-05,79,-2.9278819149983235
2026-06-13 08:00:00+00:00,2026-06-23 00:00:00+00:00,10,-3.093004599246171,156.021,-3.002048271541646,2026-06-05,79,-3.093004599246171
2026-06-14 08:00:00+00:00,2026-06-24 00:00:00+00:00,10,-3.410787415169608,155.928,-2.7910683650617005,2026-06-05,79,-3.410787415169608
2026-06-15 08:00:00+00:00,2026-06-25 00:00:00+00:00,10,-3.6883318912606455,155.859,-3.0609160582920105,2026-06-05,79,-3.6883318912606455
2026-06-16 08:00:00+00:00,2026-06-26 00:00:00+00:00,10,-3.526496026646214,155.443,-4.30394558960954,2026-06-05,79,-3.526496026646214
2026-06-17 08:00:00+00:00,2026-06-27 00:00:00+00:00,10,-3.394915826870971,155.105,-4.577306601125304,2026-06-05,79,-3.394915826870971
2026-06-18 08:00:00+00:00,2026-06-28 00:00:00+00:00,10,-3.1210116441339153,154.731,-4.2608988944895625,2026-06-05,79,-3.1210116441339153
2026-06-19 08:00:00+00:00,2026-06-29 00:00:00+00:00,10,-2.8508711289724715,154.431,-3.19957652384359,2026-06-05,79,-2.8508711289724715
2026-06-20 08:00:00+00:00,2026-06-30 00:00:00+00:00,10,-2.53042061627562,153.947,-3.4736957352534312,2026-06-05,79,-2.53042061627562
2026-06-21 08:00:00+00:00,2026-07-01 00:00:00+00:00,10,-2.4519252434789394,153.775,-3.235176450622076,2026-06-05,79,-2.4519252434789394
2026-06-22 08:00:00+00:00,2026-07-02 00:00:00+00:00,10,-2.554309230560847,153.676,-3.107155712651068,2026-06-05,79,-2.554309230560847
2026-06-23 08:00:00+00:00,2026-07-03 00:00:00+00:00,10,-2.190062033477602,153.171,-3.5465271658277904,2026-06-05,79,-2.190062033477602
2026-06-24 08:00:00+00:00,2026-07-04 00:00:00+00:00,10,-1.9261750633134511,152.682,-2.8003385810357533,2026-06-05,79,-1.9261750633134511
2026-06-25 08:00:00+00:00,2026-07-05 00:00:00+00:00,10,-1.6090641440677018,152.32,-2.757128998222298,2026-06-05,79,-1.6090641440677018
2026-06-05 08:00:00+00:00,2026-06-16 00:00:00+00:00,11,-3.2776109710901267,158.405,-2.659292890539611,2026-06-05,78,-3.2776109710901267
2026-06-06 08:00:00+00:00,2026-06-17 00:00:00+00:00,11,-3.095645438056067,158.067,-2.92476065147241,2026-06-05,78,-3.095645438056067
2026-06-07 08:00:00+00:00,2026-06-18 00:00:00+00:00,11,-3.2779144663758473,157.974,-2.7410517293495036,2026-06-05,78,-3.2779144663758473
2026-06-08 08:00:00+00:00,2026-06-19 00:00:00+00:00,11,-3.352091274754855,157.882,-3.135805986645242,2026-06-05,78,-3.352091274754855
2026-06-09 08:00:00+00:00,2026-06-20 00:00:00+00:00,11,-3.687143049906211,157.509,-3.361901904284544,2026-06-05,78,-3.687143049906211
2026-06-10 08:00:00+00:00,2026-06-21 00:00:00+00:00,11,-3.565013321270243,157.093,-3.4545563478606662,2026-06-05,78,-3.565013321270243
2026-06-11 08:00:00+00:00,2026-06-22 00:00:00+00:00,11,-3.2730201035705875,156.688,-2.6034047376963705,2026-06-05,78,-3.2730201035705875
2026-06-12 08:00:00+00:00,2026-06-23 00:00:00+00:00,11,-3.433080566950508,156.341,-2.9633981274378187,2026-06-05,78,-3.433080566950508
2026-06-13 08:00:00+00:00,2026-06-24 00:00:00+00:00,11,-3.5108978245507103,156.021,-3.0888257495750717,2026-06-05,78,-3.5108978245507103
2026-06-14 08:00:00+00:00,2026-06-25 00:00:00+00:00,11,-3.760911324668683,155.928,-2.8534459318485994,2026-06-05,78,-3.760911324668683
2026-06-15 08:00:00+00:00,2026-06-26 00:00:00+00:00,11,-3.922126213586552,155.859,-3.094860059364066,2026-06-05,78,-3.922126213586552
2026-06-16 08:00:00+00:00,2026-06-27 00:00:00+00:00,11,-3.783407602291476,155.443,-4.440852842466715,2026-06-05,78,-3.783407602291476
2026-06-17 08:00:00+00:00,2026-06-28 00:00:00+00:00,11,-3.485952344365898,155.105,-4.7540049096506785,2026-06-05,78,-3.485952344365898
2026-06-18 08:00:00+00:00,2026-06-29 00:00:00+00:00,11,-3.1535030873436085,154.731,-4.455984976089514,2026-06-05,78,-3.1535030873436085
2026-06-19 08:00:00+00:00,2026-06-30 00:00:00+00:00,11,-3.061499121250847,154.431,-3.310212998618898,2026-06-05,78,-3.061499121250847
2026-06-20 08:00:00+00:00,2026-07-01 00:00:00+00:00,11,-2.7686161901249022,153.947,-3.6158482442289377,2026-06-05,78,-2.7686161901249022
2026-06-21 08:00:00+00:00,2026-07-02 00:00:00+00:00,11,-2.669961262480541,153.775,-3.3531429634373215,2026-06-05,78,-2.669961262480541
2026-06-22 08:00:00+00:00,2026-07-03 00:00:00+00:00,11,-2.695260685429787,153.676,-3.2075112409295863,2026-06-05,78,-2.695260685429787
2026-06-23 08:00:00+00:00,2026-07-04 00:00:00+00:00,11,-2.34406828861799,153.171,-3.6988821482118577,2026-06-05,78,-2.34406828861799
2026-06-24 08:00:00+00:00,2026-07-05 00:00:00+00:00,11,-1.959188053566777,152.682,-2.9349920796340165,2026-06-05,78,-1.959188053566777
2026-06-25 08:00:00+00:00,2026-07-06 00:00:00+00:00,11,-1.6053326289252254,152.32,-2.9054691662324044,2026-06-05,78,-1.6053326289252254
2026-06-05 08:00:00+00:00,2026-06-17 00:00:00+00:00,12,-3.666102746510631,158.405,-2.837142418910531,2026-06-05,77,-3.666102746510631
2026-06-06 08:00:00+00:00,2026-06-18 00:00:00+00:00,12,-3.4605861382880505,158.067,-3.119777966769165,2026-06-05,77,-3.4605861382880505
2026-06-07 08:00:00+00:00,2026-06-19 00:00:00+00:00,12,-3.5805464247469843,157.974,-2.946956977368213,2026-06-05,77,-3.5805464247469843
2026-06-08 08:00:00+00:00,2026-06-20 00:00:00+00:00,12,-3.883169779730082,157.882,-3.3517082266970917,2026-06-05,77,-3.883169779730082
2026-06-09 08:00:00+00:00,2026-06-21 00:00:00+00:00,12,-4.003833996552174,157.509,-3.536118465723561,2026-06-05,77,-4.003833996552174
2026-06-10 08:00:00+00:00,2026-06-22 00:00:00+00:00,12,-3.680665353189937,157.093,-3.540068873187315,2026-06-05,77,-3.680665353189937
2026-06-11 08:00:00+00:00,2026-06-23 00:00:00+00:00,12,-3.778218755522772,156.688,-2.5765889666834996,2026-06-05,77,-3.778218755522772
2026-06-12 08:00:00+00:00,2026-06-24 00:00:00+00:00,12,-3.850973792255047,156.341,-2.9759795413442456,2026-06-05,77,-3.850973792255047
2026-06-13 08:00:00+00:00,2026-06-25 00:00:00+00:00,12,-3.8610217340497854,156.021,-3.1230579237953737,2026-06-05,77,-3.8610217340497854
2026-06-14 08:00:00+00:00,2026-06-26 00:00:00+00:00,12,-3.994705646994589,155.928,-2.886214868433286,2026-06-05,77,-3.994705646994589
2026-06-15 08:00:00+00:00,2026-06-27 00:00:00+00:00,12,-4.179037789231813,155.859,-3.0880916432058427,2026-06-05,77,-4.179037789231813
2026-06-16 08:00:00+00:00,2026-06-28 00:00:00+00:00,12,-3.874444119786403,155.443,-4.498690578763024,2026-06-05,77,-3.874444119786403
2026-06-17 08:00:00+00:00,2026-06-29 00:00:00+00:00,12,-3.518443787575592,155.105,-4.862621335067252,2026-06-05,77,-3.518443787575592
2026-06-18 08:00:00+00:00,2026-06-30 00:00:00+00:00,12,-3.364131079621984,154.731,-4.5967729469803285,2026-06-05,77,-3.364131079621984
2026-06-19 08:00:00+00:00,2026-07-01 00:00:00+00:00,12,-3.299694695100129,154.431,-3.381691020238393,2026-06-05,77,-3.299694695100129
2026-06-20 08:00:00+00:00,2026-07-02 00:00:00+00:00,12,-2.986652209126504,153.947,-3.704086992562024,2026-06-05,77,-2.986652209126504
2026-06-21 08:00:00+00:00,2026-07-03 00:00:00+00:00,12,-2.8109127173494812,153.775,-3.451780275818118,2026-06-05,77,-2.8109127173494812
2026-06-22 08:00:00+00:00,2026-07-04 00:00:00+00:00,12,-2.8492669405701747,153.676,-3.292719662252736,2026-06-05,77,-2.8492669405701747
2026-06-23 08:00:00+00:00,2026-07-05 00:00:00+00:00,12,-2.377081278871316,153.171,-3.775011727950302,2026-06-05,77,-2.377081278871316
2026-06-24 08:00:00+00:00,2026-07-06 00:00:00+00:00,12,-1.9554565384243008,152.682,-3.0079079126257273,2026-06-05,77,-1.9554565384243008
2026-06-25 08:00:00+00:00,2026-07-07 00:00:00+00:00,12,-1.466146861666232,152.32,-3.0135144739668984,2026-06-05,77,-1.466146861666232
2026-06-05 08:00:00+00:00,2026-06-18 00:00:00+00:00,13,-4.031043446742615,158.405,-3.0006942112610817,2026-06-05,76,-4.031043446742615
2026-06-06 08:00:00+00:00,2026-06-19 00:00:00+00:00,13,-3.763218096659187,158.067,-3.3160302379961095,2026-06-05,76,-3.763218096659187
2026-06-07 08:00:00+00:00,2026-06-20 00:00:00+00:00,13,-4.111624929722211,157.974,-3.086357507913738,2026-06-05,76,-4.111624929722211
2026-06-08 08:00:00+00:00,2026-06-21 00:00:00+00:00,13,-4.199860726376045,157.882,-3.494939342085976,2026-06-05,76,-4.199860726376045
2026-06-09 08:00:00+00:00,2026-06-22 00:00:00+00:00,13,-4.119486028471869,157.509,-3.701224610551257,2026-06-05,76,-4.119486028471869
2026-06-10 08:00:00+00:00,2026-06-23 00:00:00+00:00,13,-4.185864005142122,157.093,-3.5829943713687156,2026-06-05,76,-4.185864005142122
2026-06-11 08:00:00+00:00,2026-06-24 00:00:00+00:00,13,-4.196111980827311,156.688,-2.5100120238790584,2026-06-05,76,-4.196111980827311
2026-06-12 08:00:00+00:00,2026-06-25 00:00:00+00:00,13,-4.201097701754122,156.341,-2.927434761454946,2026-06-05,76,-4.201097701754122
2026-06-13 08:00:00+00:00,2026-06-26 00:00:00+00:00,13,-4.0948160563756915,156.021,-3.0828195959970026,2026-06-05,76,-4.0948160563756915
2026-06-14 08:00:00+00:00,2026-06-27 00:00:00+00:00,13,-4.251617222639851,155.928,-2.784006747831648,2026-06-05,76,-4.251617222639851
2026-06-15 08:00:00+00:00,2026-06-28 00:00:00+00:00,13,-4.270074306726741,155.859,-2.914283402998323,2026-06-05,76,-4.270074306726741
2026-06-16 08:00:00+00:00,2026-06-29 00:00:00+00:00,13,-3.9069355629960967,155.443,-4.450627439552798,2026-06-05,76,-3.9069355629960967
2026-06-17 08:00:00+00:00,2026-06-30 00:00:00+00:00,13,-3.729071779853967,155.105,-4.841037170053313,2026-06-05,76,-3.729071779853967
2026-06-18 08:00:00+00:00,2026-07-01 00:00:00+00:00,13,-3.602326653471266,154.731,-4.6391367422196454,2026-06-05,76,-3.602326653471266
2026-06-19 08:00:00+00:00,2026-07-02 00:00:00+00:00,13,-3.517730714101731,154.431,-3.3663152742720124,2026-06-05,76,-3.517730714101731
2026-06-20 08:00:00+00:00,2026-07-03 00:00:00+00:00,13,-3.127603663995444,153.947,-3.7497968260038954,2026-06-05,76,-3.127603663995444
2026-06-21 08:00:00+00:00,2026-07-04 00:00:00+00:00,13,-2.964918972489869,153.775,-3.422873610670636,2026-06-05,76,-2.964918972489869
2026-06-22 08:00:00+00:00,2026-07-05 00:00:00+00:00,13,-2.8822799308235005,153.676,-3.233260101827637,2026-06-05,76,-2.8822799308235005
2026-06-23 08:00:00+00:00,2026-07-06 00:00:00+00:00,13,-2.373349763728839,153.171,-3.824196299237243,2026-06-05,76,-2.373349763728839
2026-06-24 08:00:00+00:00,2026-07-07 00:00:00+00:00,13,-1.816270771165307,152.682,-3.085761721156442,2026-06-05,76,-1.816270771165307
2026-06-25 08:00:00+00:00,2026-07-08 00:00:00+00:00,13,-1.456123922348695,152.32,-3.1006940136852235,2026-06-05,76,-1.456123922348695
2026-06-05 08:00:00+00:00,2026-06-19 00:00:00+00:00,14,-4.333675405113752,158.405,-3.1516597599728864,2026-06-05,75,-4.333675405113752
2026-06-06 08:00:00+00:00,2026-06-20 00:00:00+00:00,14,-4.294296601634414,158.067,-3.493220152982612,2026-06-05,75,-4.294296601634414
2026-06-07 08:00:00+00:00,2026-06-21 00:00:00+00:00,14,-4.428315876368174,157.974,-3.2088287639479636,2026-06-05,75,-4.428315876368174
2026-06-08 08:00:00+00:00,2026-06-22 00:00:00+00:00,14,-4.315512758295739,157.882,-3.628893207509104,2026-06-05,75,-4.315512758295739
2026-06-09 08:00:00+00:00,2026-06-23 00:00:00+00:00,14,-4.624684680424053,157.509,-3.856876675937981,2026-06-05,75,-4.624684680424053
2026-06-10 08:00:00+00:00,2026-06-24 00:00:00+00:00,14,-4.603757230446661,157.093,-3.6129363061088706,2026-06-05,75,-4.603757230446661
2026-06-11 08:00:00+00:00,2026-06-25 00:00:00+00:00,14,-4.546235890326386,156.688,-2.423750494683316,2026-06-05,75,-4.546235890326386
2026-06-12 08:00:00+00:00,2026-06-26 00:00:00+00:00,14,-4.434892024080028,156.341,-2.8541181193537732,2026-06-05,75,-4.434892024080028
2026-06-13 08:00:00+00:00,2026-06-27 00:00:00+00:00,14,-4.351727632020953,156.021,-3.011687165477994,2026-06-05,75,-4.351727632020953
2026-06-14 08:00:00+00:00,2026-06-28 00:00:00+00:00,14,-4.342653740134779,155.928,-2.656778334337988,2026-06-05,75,-4.342653740134779
2026-06-15 08:00:00+00:00,2026-06-29 00:00:00+00:00,14,-4.302565749936434,155.859,-2.727204640813088,2026-06-05,75,-4.302565749936434
2026-06-16 08:00:00+00:00,2026-06-30 00:00:00+00:00,14,-4.117563555274472,155.443,-4.405310467303838,2026-06-05,75,-4.117563555274472
2026-06-17 08:00:00+00:00,2026-07-01 00:00:00+00:00,14,-3.9672673537032495,155.105,-4.825624066680394,2026-06-05,75,-3.9672673537032495
2026-06-18 08:00:00+00:00,2026-07-02 00:00:00+00:00,14,-3.820362672472868,154.731,-4.687833904780273,2026-06-05,75,-3.820362672472868
2026-06-19 08:00:00+00:00,2026-07-03 00:00:00+00:00,14,-3.658682168970671,154.431,-3.3405569267045103,2026-06-05,75,-3.658682168970671
2026-06-20 08:00:00+00:00,2026-07-04 00:00:00+00:00,14,-3.281609919135832,153.947,-3.7755913432457793,2026-06-05,75,-3.281609919135832
2026-06-21 08:00:00+00:00,2026-07-05 00:00:00+00:00,14,-2.997931962743195,153.775,-3.3777729505060727,2026-06-05,75,-2.997931962743195
2026-06-22 08:00:00+00:00,2026-07-06 00:00:00+00:00,14,-2.878548415681024,153.676,-3.163924477859584,2026-06-05,75,-2.878548415681024
2026-06-23 08:00:00+00:00,2026-07-07 00:00:00+00:00,14,-2.234163996469846,153.171,-3.8629116655266142,2026-06-05,75,-2.234163996469846
2026-06-24 08:00:00+00:00,2026-07-08 00:00:00+00:00,14,-1.8062478318477704,152.682,-3.1415995477552507,2026-06-05,75,-1.8062478318477704
2026-06-25 08:00:00+00:00,2026-07-09 00:00:00+00:00,14,-1.4017667137234469,152.32,-3.1726628458837864,2026-06-05,75,-1.4017667137234469
2026-06-26 08:00:00+00:00,2026-06-27 00:00:00+00:00,1,-0.2569115756452618,151.982,-0.2922827648177735,2026-06-26,109,-0.2569115756452618
2026-06-27 08:00:00+00:00,2026-06-28 00:00:00+00:00,1,-0.0910365174949277,151.728,-0.292321853671638,2026-06-26,109,-0.0910365174949277
2026-06-28 08:00:00+00:00,2026-06-29 00:00:00+00:00,1,-0.0324914432096932,151.654,-0.2582882027869321,2026-06-26,109,-0.0324914432096932
2026-06-29 08:00:00+00:00,2026-06-30 00:00:00+00:00,1,-0.2106279922783756,151.619,-0.242209132734996,2026-06-26,109,-0.2106279922783756
2026-06-30 08:00:00+00:00,2026-07-01 00:00:00+00:00,1,-0.238195573849282,151.388,-0.2324124116851885,2026-06-26,109,-0.238195573849282
2026-07-01 08:00:00+00:00,2026-07-02 00:00:00+00:00,1,-0.2180360190016017,151.126,-0.238978422414766,2026-06-26,109,-0.2180360190016017
2026-07-02 08:00:00+00:00,2026-07-03 00:00:00+00:00,1,-0.1409514548689401,150.952,-0.2149865513609341,2026-06-26,109,-0.1409514548689401
2026-07-03 08:00:00+00:00,2026-07-04 00:00:00+00:00,1,-0.1540062551403878,150.806,-0.2113362198114963,2026-06-26,109,-0.1540062551403878
2026-07-04 08:00:00+00:00,2026-07-05 00:00:00+00:00,1,-0.0330129902533258,150.608,-0.2168140263785878,2026-06-26,109,-0.0330129902533258
2026-07-05 08:00:00+00:00,2026-07-06 00:00:00+00:00,1,0.0037315151424763,150.583,-0.1913837487118121,2026-06-26,109,0.0037315151424763
2026-07-06 08:00:00+00:00,2026-07-07 00:00:00+00:00,1,0.1391857672589935,150.58,-0.1753008325936875,2026-06-26,109,0.1391857672589935
2026-07-07 08:00:00+00:00,2026-07-08 00:00:00+00:00,1,0.0100229393175368,150.682,-0.1226791783402951,2026-06-26,109,0.0100229393175368
2026-07-08 08:00:00+00:00,2026-07-09 00:00:00+00:00,1,0.0543572086252481,150.672,-0.0876853424164334,2026-06-26,109,0.0543572086252481
2026-07-09 08:00:00+00:00,2026-07-10 00:00:00+00:00,1,0.2114993156283446,150.702,-0.0020946079986621,2026-06-26,109,0.2114993156283446
2026-07-10 08:00:00+00:00,2026-07-11 00:00:00+00:00,1,0.2227465857370703,150.861,-0.0053981811173304,2026-06-26,109,0.2227465857370703
2026-07-11 08:00:00+00:00,2026-07-12 00:00:00+00:00,1,0.118384727371307,151.079,0.0195110759839836,2026-06-26,109,0.118384727371307
2026-07-12 08:00:00+00:00,2026-07-13 00:00:00+00:00,1,0.0577261355875293,151.117,0.0059275000244486,2026-06-26,109,0.0577261355875293
2026-07-13 08:00:00+00:00,2026-07-14 00:00:00+00:00,1,0.1761676281730047,151.166,0.036524973075417,2026-06-26,109,0.1761676281730047
2026-07-14 08:00:00+00:00,2026-07-15 00:00:00+00:00,1,0.5883819940848412,151.331,0.1724402280548256,2026-06-26,109,0.5883819940848412
2026-07-15 08:00:00+00:00,2026-07-16 00:00:00+00:00,1,0.3722844715717031,151.73,0.232432076256694,2026-06-26,109,0.3722844715717031
2026-07-16 08:00:00+00:00,2026-07-17 00:00:00+00:00,1,0.3672095800072839,152.145,0.2436184081137992,2026-06-26,109,0.3672095800072839
2026-07-17 08:00:00+00:00,2026-07-18 00:00:00+00:00,1,0.6499518506807362,152.484,0.246997426913426,2026-06-26,109,0.6499518506807362
2026-07-18 08:00:00+00:00,2026-07-19 00:00:00+00:00,1,0.2052940046625053,153.112,0.3131402674185815,2026-06-26,109,0.2052940046625053
2026-06-26 08:00:00+00:00,2026-06-28 00:00:00+00:00,2,-0.3479480931401895,151.982,-0.5681211815892688,2026-06-26,108,-0.3479480931401895
2026-06-27 08:00:00+00:00,2026-06-29 00:00:00+00:00,2,-0.1235279607046209,151.728,-0.5838113179450414,2026-06-26,108,-0.1235279607046209
2026-06-28 08:00:00+00:00,2026-06-30 00:00:00+00:00,2,-0.2431194354880688,151.654,-0.5361832629613614,2026-06-26,108,-0.2431194354880688
2026-06-29 08:00:00+00:00,2026-07-01 00:00:00+00:00,2,-0.4488235661276576,151.619,-0.5012099922110034,2026-06-26,108,-0.4488235661276576
2026-06-30 08:00:00+00:00,2026-07-02 00:00:00+00:00,2,-0.4562315928508837,151.388,-0.4508663541833406,2026-06-26,108,-0.4562315928508837
2026-07-01 08:00:00+00:00,2026-07-03 00:00:00+00:00,2,-0.3589874738705418,151.126,-0.4498698450941487,2026-06-26,108,-0.3589874738705418
2026-07-02 08:00:00+00:00,2026-07-04 00:00:00+00:00,2,-0.2949577100093279,150.952,-0.393628340653174,2026-06-26,108,-0.2949577100093279
2026-07-03 08:00:00+00:00,2026-07-05 00:00:00+00:00,2,-0.1870192453937136,150.806,-0.4194180688570437,2026-06-26,108,-0.1870192453937136
2026-07-04 08:00:00+00:00,2026-07-06 00:00:00+00:00,2,-0.0292814751108494,150.608,-0.4250414336210831,2026-06-26,108,-0.0292814751108494
2026-07-05 08:00:00+00:00,2026-07-07 00:00:00+00:00,2,0.1429172824014699,150.583,-0.3973485956929334,2026-06-26,108,0.1429172824014699
2026-07-06 08:00:00+00:00,2026-07-08 00:00:00+00:00,2,0.1492087065765304,150.58,-0.3641248731207276,2026-06-26,108,0.1492087065765304
2026-07-07 08:00:00+00:00,2026-07-09 00:00:00+00:00,2,0.064380147942785,150.682,-0.2520187886726343,2026-06-26,108,0.064380147942785
2026-07-08 08:00:00+00:00,2026-07-10 00:00:00+00:00,2,0.2658565242535928,150.672,-0.1738840807996262,2026-06-26,108,0.2658565242535928
2026-07-09 08:00:00+00:00,2026-07-11 00:00:00+00:00,2,0.4342459013654149,150.702,0.0037055141737039,2026-06-26,108,0.4342459013654149
2026-07-10 08:00:00+00:00,2026-07-12 00:00:00+00:00,2,0.3411313131083773,150.861,-0.0162282793793859,2026-06-26,108,0.3411313131083773
2026-07-11 08:00:00+00:00,2026-07-13 00:00:00+00:00,2,0.1761108629588363,151.079,0.0283912791142987,2026-06-26,108,0.1761108629588363
2026-07-12 08:00:00+00:00,2026-07-14 00:00:00+00:00,2,0.233893763760534,151.117,0.027978232279397,2026-06-26,108,0.233893763760534
2026-07-13 08:00:00+00:00,2026-07-15 00:00:00+00:00,2,0.7645496222578458,151.166,0.0879415557266857,2026-06-26,108,0.7645496222578458
2026-07-14 08:00:00+00:00,2026-07-16 00:00:00+00:00,2,0.9606664656565442,151.331,0.3505977516449002,2026-06-26,108,0.9606664656565442
2026-07-15 08:00:00+00:00,2026-07-17 00:00:00+00:00,2,0.739494051578987,151.73,0.4591171681953743,2026-06-26,108,0.739494051578987
2026-07-16 08:00:00+00:00,2026-07-18 00:00:00+00:00,2,1.01716143068802,152.145,0.4731782461177999,2026-06-26,108,1.01716143068802
2026-07-17 08:00:00+00:00,2026-07-19 00:00:00+00:00,2,0.8552458553432416,152.484,0.5016027362784456,2026-06-26,108,0.8552458553432416
2026-06-26 08:00:00+00:00,2026-06-29 00:00:00+00:00,3,-0.3804395363498827,151.982,-0.8454265929743698,2026-06-26,107,-0.3804395363498827
2026-06-27 08:00:00+00:00,2026-06-30 00:00:00+00:00,3,-0.3341559529829965,151.728,-0.8637949373468508,2026-06-26,107,-0.3341559529829965
2026-06-28 08:00:00+00:00,2026-07-01 00:00:00+00:00,3,-0.4813150093373508,151.654,-0.7896174885481577,2026-06-26,107,-0.4813150093373508
2026-06-29 08:00:00+00:00,2026-07-02 00:00:00+00:00,3,-0.6668595851292594,151.619,-0.733916355285904,2026-06-26,107,-0.6668595851292594
2026-06-30 08:00:00+00:00,2026-07-03 00:00:00+00:00,3,-0.5971830477198239,151.388,-0.6684154256372457,2026-06-26,107,-0.5971830477198239
2026-07-01 08:00:00+00:00,2026-07-04 00:00:00+00:00,3,-0.5129937290109297,151.126,-0.6635430301835543,2026-06-26,107,-0.5129937290109297
2026-07-02 08:00:00+00:00,2026-07-05 00:00:00+00:00,3,-0.3279707002626537,150.952,-0.5765135668338992,2026-06-26,107,-0.3279707002626537
2026-07-03 08:00:00+00:00,2026-07-06 00:00:00+00:00,3,-0.1832877302512372,150.806,-0.6180611176114597,2026-06-26,107,-0.1832877302512372
2026-07-04 08:00:00+00:00,2026-07-07 00:00:00+00:00,3,0.1099042921481441,150.608,-0.6277128605034576,2026-06-26,107,0.1099042921481441
2026-07-05 08:00:00+00:00,2026-07-08 00:00:00+00:00,3,0.1529402217190067,150.583,-0.5815528199552624,2026-06-26,107,0.1529402217190067
2026-07-06 08:00:00+00:00,2026-07-09 00:00:00+00:00,3,0.2035659152017785,150.58,-0.5340130775623204,2026-06-26,107,0.2035659152017785
2026-07-07 08:00:00+00:00,2026-07-10 00:00:00+00:00,3,0.2758794635711297,150.682,-0.3630115813282331,2026-06-26,107,0.2758794635711297
2026-07-08 08:00:00+00:00,2026-07-11 00:00:00+00:00,3,0.4886031099906631,150.672,-0.258121634141352,2026-06-26,107,0.4886031099906631
2026-07-09 08:00:00+00:00,2026-07-12 00:00:00+00:00,3,0.552630628736722,150.702,0.0108191697631663,2026-06-26,107,0.552630628736722
2026-07-10 08:00:00+00:00,2026-07-13 00:00:00+00:00,3,0.3988574486959066,150.861,-0.0249122020251206,2026-06-26,107,0.3988574486959066
2026-07-11 08:00:00+00:00,2026-07-14 00:00:00+00:00,3,0.352278491131841,151.079,0.0406222265677594,2026-06-26,107,0.352278491131841
2026-07-12 08:00:00+00:00,2026-07-15 00:00:00+00:00,3,0.8222757578453752,151.117,0.0326945983214279,2026-06-26,107,0.8222757578453752
2026-07-13 08:00:00+00:00,2026-07-16 00:00:00+00:00,3,1.136834093829549,151.166,0.1295674250834985,2026-06-26,107,1.136834093829549
2026-07-14 08:00:00+00:00,2026-07-17 00:00:00+00:00,3,1.327876045663828,151.331,0.521918633603369,2026-06-26,107,1.327876045663828
2026-07-15 08:00:00+00:00,2026-07-18 00:00:00+00:00,3,1.3894459022597232,151.73,0.6932857825964969,2026-06-26,107,1.3894459022597232
2026-07-16 08:00:00+00:00,2026-07-19 00:00:00+00:00,3,1.2224554353505257,152.145,0.7170074288661763,2026-06-26,107,1.2224554353505257
2026-06-26 08:00:00+00:00,2026-06-30 00:00:00+00:00,4,-0.5910675286282583,151.982,-1.1107042573820765,2026-06-26,106,-0.5910675286282583
2026-06-27 08:00:00+00:00,2026-07-01 00:00:00+00:00,4,-0.5723515268322785,151.728,-1.120518030877475,2026-06-26,106,-0.5723515268322785
2026-06-28 08:00:00+00:00,2026-07-02 00:00:00+00:00,4,-0.6993510283389526,151.654,-1.00666773336375,2026-06-26,106,-0.6993510283389526
2026-06-29 08:00:00+00:00,2026-07-03 00:00:00+00:00,4,-0.8078110399981995,151.619,-0.9192415524767212,2026-06-26,106,-0.8078110399981995
2026-06-30 08:00:00+00:00,2026-07-04 00:00:00+00:00,4,-0.7511893028602117,151.388,-0.871551084444826,2026-06-26,106,-0.7511893028602117
2026-07-01 08:00:00+00:00,2026-07-05 00:00:00+00:00,4,-0.5460067192642555,151.126,-0.8690246596781779,2026-06-26,106,-0.5460067192642555
2026-07-02 08:00:00+00:00,2026-07-06 00:00:00+00:00,4,-0.3242391851201773,150.952,-0.7512232338184321,2026-06-26,106,-0.3242391851201773
2026-07-03 08:00:00+00:00,2026-07-07 00:00:00+00:00,4,-0.0441019629922436,150.806,-0.7952688004957493,2026-06-26,106,-0.0441019629922436
2026-07-04 08:00:00+00:00,2026-07-08 00:00:00+00:00,4,0.1199272314656809,150.608,-0.8128765044290764,2026-06-26,106,0.1199272314656809
2026-07-05 08:00:00+00:00,2026-07-09 00:00:00+00:00,4,0.2072974303442549,150.583,-0.7328791468667601,2026-06-26,106,0.2072974303442549
2026-07-06 08:00:00+00:00,2026-07-10 00:00:00+00:00,4,0.4150652308301232,150.58,-0.6726848769355978,2026-06-26,106,0.4150652308301232
2026-07-07 08:00:00+00:00,2026-07-11 00:00:00+00:00,4,0.4986260493082,150.682,-0.4459479644612352,2026-06-26,106,0.4986260493082
2026-07-08 08:00:00+00:00,2026-07-12 00:00:00+00:00,4,0.6069878373619702,150.672,-0.3380465148907455,2026-06-26,106,0.6069878373619702
2026-07-09 08:00:00+00:00,2026-07-13 00:00:00+00:00,4,0.6103567643242513,150.702,0.0041235254295598,2026-06-26,106,0.6103567643242513
2026-07-10 08:00:00+00:00,2026-07-14 00:00:00+00:00,4,0.5750250768689114,150.861,-0.0347517465376929,2026-06-26,106,0.5750250768689114
2026-07-11 08:00:00+00:00,2026-07-15 00:00:00+00:00,4,0.9406604852166822,151.079,0.0537007188977398,2026-06-26,106,0.9406604852166822
2026-07-12 08:00:00+00:00,2026-07-16 00:00:00+00:00,4,1.1945602294170783,151.117,0.0194125086309771,2026-06-26,106,1.1945602294170783
2026-07-13 08:00:00+00:00,2026-07-17 00:00:00+00:00,4,1.5040436738368328,151.166,0.1570630282705712,2026-06-26,106,1.5040436738368328
2026-07-14 08:00:00+00:00,2026-07-18 00:00:00+00:00,4,1.9778278963445644,151.331,0.6609727743598209,2026-06-26,106,1.9778278963445644
2026-07-15 08:00:00+00:00,2026-07-19 00:00:00+00:00,4,1.5947399069222286,151.73,0.9134111994289036,2026-06-26,106,1.5947399069222286
2026-06-26 08:00:00+00:00,2026-07-01 00:00:00+00:00,5,-0.8292631024775403,151.982,-1.3902255284743064,2026-06-26,105,-0.8292631024775403
2026-06-27 08:00:00+00:00,2026-07-02 00:00:00+00:00,5,-0.7903875458338803,151.728,-1.395192933808935,2026-06-26,105,-0.7903875458338803
2026-06-28 08:00:00+00:00,2026-07-03 00:00:00+00:00,5,-0.8403024832078927,151.654,-1.2569485909384848,2026-06-26,105,-0.8403024832078927
2026-06-29 08:00:00+00:00,2026-07-04 00:00:00+00:00,5,-0.9618172951385872,151.619,-1.1600303677741308,2026-06-26,105,-0.9618172951385872
2026-06-30 08:00:00+00:00,2026-07-05 00:00:00+00:00,5,-0.7842022931135375,151.388,-1.0997895251852283,2026-06-26,105,-0.7842022931135375
2026-07-01 08:00:00+00:00,2026-07-06 00:00:00+00:00,5,-0.5422752041217791,151.126,-1.0946184241760777,2026-06-26,105,-0.5422752041217791
2026-07-02 08:00:00+00:00,2026-07-07 00:00:00+00:00,5,-0.1850534178611838,150.952,-0.9551387939127124,2026-06-26,105,-0.1850534178611838
2026-07-03 08:00:00+00:00,2026-07-08 00:00:00+00:00,5,-0.0340790236747068,150.806,-1.0008323740365928,2026-06-26,105,-0.0340790236747068
2026-07-04 08:00:00+00:00,2026-07-09 00:00:00+00:00,5,0.1742844400909291,150.608,-1.0206021378791603,2026-06-26,105,0.1742844400909291
2026-07-05 08:00:00+00:00,2026-07-10 00:00:00+00:00,5,0.4187967459725996,150.583,-0.9191136899085366,2026-06-26,105,0.4187967459725996
2026-07-06 08:00:00+00:00,2026-07-11 00:00:00+00:00,5,0.6378118165671935,150.58,-0.8496658706408249,2026-06-26,105,0.6378118165671935
2026-07-07 08:00:00+00:00,2026-07-12 00:00:00+00:00,5,0.617010776679507,150.682,-0.570144234724473,2026-06-26,105,0.617010776679507
2026-07-08 08:00:00+00:00,2026-07-13 00:00:00+00:00,5,0.6647139729494995,150.672,-0.4329007854790678,2026-06-26,105,0.6647139729494995
2026-07-09 08:00:00+00:00,2026-07-14 00:00:00+00:00,5,0.786524392497256,150.702,0.0089437645946488,2026-06-26,105,0.786524392497256
2026-07-10 08:00:00+00:00,2026-07-15 00:00:00+00:00,5,1.1634070709537525,150.861,-0.0582961977105531,2026-06-26,105,1.1634070709537525
2026-07-11 08:00:00+00:00,2026-07-16 00:00:00+00:00,5,1.3129449567883853,151.079,0.0489946221565049,2026-06-26,105,1.3129449567883853
2026-07-12 08:00:00+00:00,2026-07-17 00:00:00+00:00,5,1.5617698094243622,151.117,0.00077060639039,2026-06-26,105,1.5617698094243622
2026-07-13 08:00:00+00:00,2026-07-18 00:00:00+00:00,5,2.153995524517569,151.166,0.1813998229320114,2026-06-26,105,2.153995524517569
2026-07-14 08:00:00+00:00,2026-07-19 00:00:00+00:00,5,2.1831219010070697,151.331,0.826522076037011,2026-06-26,105,2.1831219010070697
2026-06-26 08:00:00+00:00,2026-07-02 00:00:00+00:00,6,-1.047299121479142,151.982,-1.6802436716425968,2026-06-26,104,-1.047299121479142
2026-06-27 08:00:00+00:00,2026-07-03 00:00:00+00:00,6,-0.9313390007028204,151.728,-1.689368787198131,2026-06-26,104,-0.9313390007028204
2026-06-28 08:00:00+00:00,2026-07-04 00:00:00+00:00,6,-0.9943087383482804,151.654,-1.5271970209685326,2026-06-26,104,-0.9943087383482804
2026-06-29 08:00:00+00:00,2026-07-05 00:00:00+00:00,6,-0.9948302853919132,151.619,-1.4160180316839035,2026-06-26,104,-0.9948302853919132
2026-06-30 08:00:00+00:00,2026-07-06 00:00:00+00:00,6,-0.7804707779710611,151.388,-1.325054638231114,2026-06-26,104,-0.7804707779710611
2026-07-01 08:00:00+00:00,2026-07-07 00:00:00+00:00,6,-0.4030894368627855,151.126,-1.306852379332111,2026-06-26,104,-0.4030894368627855
2026-07-02 08:00:00+00:00,2026-07-08 00:00:00+00:00,6,-0.1750304785436469,150.952,-1.1426403979640896,2026-06-26,104,-0.1750304785436469
2026-07-03 08:00:00+00:00,2026-07-09 00:00:00+00:00,6,0.0202781849505413,150.806,-1.207396638615606,2026-06-26,104,0.0202781849505413
2026-07-04 08:00:00+00:00,2026-07-10 00:00:00+00:00,6,0.3857837557192738,150.608,-1.2312596787878738,2026-06-26,104,0.3857837557192738
2026-07-05 08:00:00+00:00,2026-07-11 00:00:00+00:00,6,0.6415433317096699,150.583,-1.1142392046182374,2026-06-26,104,0.6415433317096699
2026-07-06 08:00:00+00:00,2026-07-12 00:00:00+00:00,6,0.7561965439385006,150.58,-1.03100068494095,2026-06-26,104,0.7561965439385006
2026-07-07 08:00:00+00:00,2026-07-13 00:00:00+00:00,6,0.6747369122670364,150.682,-0.6930427570921831,2026-06-26,104,0.6747369122670364
2026-07-08 08:00:00+00:00,2026-07-14 00:00:00+00:00,6,0.8408816011225042,150.672,-0.5212072282701838,2026-06-26,104,0.8408816011225042
2026-07-09 08:00:00+00:00,2026-07-15 00:00:00+00:00,6,1.3749063865820972,150.702,0.0277684037389884,2026-06-26,104,1.3749063865820972
2026-07-10 08:00:00+00:00,2026-07-16 00:00:00+00:00,6,1.5356915425254556,150.861,-0.0734206992964197,2026-06-26,104,1.5356915425254556
2026-07-11 08:00:00+00:00,2026-07-17 00:00:00+00:00,6,1.6801545367956692,151.079,0.0526498972399837,2026-06-26,104,1.6801545367956692
2026-07-12 08:00:00+00:00,2026-07-18 00:00:00+00:00,6,2.2117216601050984,151.117,-0.0007318765457191,2026-06-26,104,2.2117216601050984
2026-07-13 08:00:00+00:00,2026-07-19 00:00:00+00:00,6,2.3592895291800744,151.166,0.2207184514559527,2026-06-26,104,2.3592895291800744
2026-06-26 08:00:00+00:00,2026-07-03 00:00:00+00:00,7,-1.1882505763480822,151.982,-1.959121327401196,2026-06-26,103,-1.1882505763480822
2026-06-27 08:00:00+00:00,2026-07-04 00:00:00+00:00,7,-1.0853452558432082,151.728,-1.967140229757828,2026-06-26,103,-1.0853452558432082
2026-06-28 08:00:00+00:00,2026-07-05 00:00:00+00:00,7,-1.0273217286016063,151.654,-1.762512374823599,2026-06-26,103,-1.0273217286016063
2026-06-29 08:00:00+00:00,2026-07-06 00:00:00+00:00,7,-0.9910987702494368,151.619,-1.6215993458290978,2026-06-26,103,-0.9910987702494368
2026-06-30 08:00:00+00:00,2026-07-07 00:00:00+00:00,7,-0.6412850107120676,151.388,-1.5162589189303366,2026-06-26,103,-0.6412850107120676
2026-07-01 08:00:00+00:00,2026-07-08 00:00:00+00:00,7,-0.3930664975452487,151.126,-1.473106266486366,2026-06-26,103,-0.3930664975452487
2026-07-02 08:00:00+00:00,2026-07-09 00:00:00+00:00,7,-0.1206732699183987,150.952,-1.274579192195598,2026-06-26,103,-0.1206732699183987
2026-07-03 08:00:00+00:00,2026-07-10 00:00:00+00:00,7,0.231777500578886,150.806,-1.3729752539296436,2026-06-26,103,0.231777500578886
2026-07-04 08:00:00+00:00,2026-07-11 00:00:00+00:00,7,0.6085303414563441,150.608,-1.4089695165956486,2026-06-26,103,0.6085303414563441
2026-07-05 08:00:00+00:00,2026-07-12 00:00:00+00:00,7,0.7599280590809769,150.583,-1.26136195431582,2026-06-26,103,0.7599280590809769
2026-07-06 08:00:00+00:00,2026-07-13 00:00:00+00:00,7,0.8139226795260299,150.58,-1.1611390468431304,2026-06-26,103,0.8139226795260299
2026-07-07 08:00:00+00:00,2026-07-14 00:00:00+00:00,7,0.850904540440041,150.682,-0.7529968076909326,2026-06-26,103,0.850904540440041
2026-07-08 08:00:00+00:00,2026-07-15 00:00:00+00:00,7,1.4292635952073454,150.672,-0.5720796028006718,2026-06-26,103,1.4292635952073454
2026-07-09 08:00:00+00:00,2026-07-16 00:00:00+00:00,7,1.7471908581538005,150.702,0.0833648219262401,2026-06-26,103,1.7471908581538005
2026-07-10 08:00:00+00:00,2026-07-17 00:00:00+00:00,7,1.9029011225327397,150.861,-0.0479007912278683,2026-06-26,103,1.9029011225327397
2026-07-11 08:00:00+00:00,2026-07-18 00:00:00+00:00,7,2.3301063874764054,151.079,0.0998894195596289,2026-06-26,103,2.3301063874764054
2026-07-12 08:00:00+00:00,2026-07-19 00:00:00+00:00,7,2.417015664767604,151.117,0.0247635156497023,2026-06-26,103,2.417015664767604
2026-06-26 08:00:00+00:00,2026-07-04 00:00:00+00:00,8,-1.34225683148847,151.982,-2.2519619919247305,2026-06-26,102,-1.34225683148847
2026-06-27 08:00:00+00:00,2026-07-05 00:00:00+00:00,8,-1.118358246096534,151.728,-2.262051526431568,2026-06-26,102,-1.118358246096534
2026-06-28 08:00:00+00:00,2026-07-06 00:00:00+00:00,8,-1.02359021345913,151.654,-2.0431078430116587,2026-06-26,102,-1.02359021345913
2026-06-29 08:00:00+00:00,2026-07-07 00:00:00+00:00,8,-0.8519130029904431,151.619,-1.890657394560594,2026-06-26,102,-0.8519130029904431
2026-06-30 08:00:00+00:00,2026-07-08 00:00:00+00:00,8,-0.6312620713945307,151.388,-1.7440520969106066,2026-06-26,102,-0.6312620713945307
2026-07-01 08:00:00+00:00,2026-07-09 00:00:00+00:00,8,-0.3387092889200005,151.126,-1.674109157792531,2026-06-26,102,-0.3387092889200005
2026-07-02 08:00:00+00:00,2026-07-10 00:00:00+00:00,8,0.0908260457099459,150.952,-1.4575694017450287,2026-06-26,102,0.0908260457099459
2026-07-03 08:00:00+00:00,2026-07-11 00:00:00+00:00,8,0.4545240863159563,150.806,-1.579386223957504,2026-06-26,102,0.4545240863159563
2026-07-04 08:00:00+00:00,2026-07-12 00:00:00+00:00,8,0.7269150688276511,150.608,-1.6154543324260304,2026-06-26,102,0.7269150688276511
2026-07-05 08:00:00+00:00,2026-07-13 00:00:00+00:00,8,0.8176541946685063,150.583,-1.4575315772932855,2026-06-26,102,0.8176541946685063
2026-07-06 08:00:00+00:00,2026-07-14 00:00:00+00:00,8,0.9900903076990346,150.58,-1.3482638430034717,2026-06-26,102,0.9900903076990346
2026-07-07 08:00:00+00:00,2026-07-15 00:00:00+00:00,8,1.4392865345248822,150.682,-0.8816356870186546,2026-06-26,102,1.4392865345248822
2026-07-08 08:00:00+00:00,2026-07-16 00:00:00+00:00,8,1.8015480667790484,150.672,-0.6668126686332514,2026-06-26,102,1.8015480667790484
2026-07-09 08:00:00+00:00,2026-07-17 00:00:00+00:00,8,2.114400438161084,150.702,0.1106227169209169,2026-06-26,102,2.114400438161084
2026-07-10 08:00:00+00:00,2026-07-18 00:00:00+00:00,8,2.5528529732134757,150.861,-0.0813620111967385,2026-06-26,102,2.5528529732134757
2026-07-11 08:00:00+00:00,2026-07-19 00:00:00+00:00,8,2.5354003921389108,151.079,0.0814791763085742,2026-06-26,102,2.5354003921389108
2026-06-26 08:00:00+00:00,2026-07-05 00:00:00+00:00,9,-1.3752698217417958,151.982,-2.563551836817151,2026-06-26,101,-1.3752698217417958
2026-06-27 08:00:00+00:00,2026-07-06 00:00:00+00:00,9,-1.1146267309540576,151.728,-2.572998241819009,2026-06-26,101,-1.1146267309540576
2026-06-28 08:00:00+00:00,2026-07-07 00:00:00+00:00,9,-0.8844044462001364,151.654,-2.32357158548791,2026-06-26,101,-0.8844044462001364
2026-06-29 08:00:00+00:00,2026-07-08 00:00:00+00:00,9,-0.8418900636729063,151.619,-2.1581142616560864,2026-06-26,101,-0.8418900636729063
2026-06-30 08:00:00+00:00,2026-07-09 00:00:00+00:00,9,-0.5769048627692825,151.388,-1.9764178677959443,2026-06-26,101,-0.5769048627692825
2026-07-01 08:00:00+00:00,2026-07-10 00:00:00+00:00,9,-0.1272099732916558,151.126,-1.8779923192599417,2026-06-26,101,-0.1272099732916558
2026-07-02 08:00:00+00:00,2026-07-11 00:00:00+00:00,9,0.3135726314470162,150.952,-1.636784772340457,2026-06-26,101,0.3135726314470162
2026-07-03 08:00:00+00:00,2026-07-12 00:00:00+00:00,9,0.5729088136872633,150.806,-1.7871063220237455,2026-06-26,101,0.5729088136872633
2026-07-04 08:00:00+00:00,2026-07-13 00:00:00+00:00,9,0.7846412044151805,150.608,-1.8305854030625448,2026-06-26,101,0.7846412044151805
2026-07-05 08:00:00+00:00,2026-07-14 00:00:00+00:00,9,0.993821822841511,150.583,-1.6503503153079366,2026-06-26,101,0.993821822841511
2026-07-06 08:00:00+00:00,2026-07-15 00:00:00+00:00,9,1.5784723017838758,150.58,-1.5282159368656465,2026-06-26,101,1.5784723017838758
2026-07-07 08:00:00+00:00,2026-07-16 00:00:00+00:00,9,1.8115710060965853,150.682,-0.9949221554286992,2026-06-26,101,1.8115710060965853
2026-07-08 08:00:00+00:00,2026-07-17 00:00:00+00:00,9,2.1687576467863323,150.672,-0.7519212592742246,2026-06-26,101,2.1687576467863323
2026-07-09 08:00:00+00:00,2026-07-18 00:00:00+00:00,9,2.7643522888418204,150.702,0.1560599832827207,2026-06-26,101,2.7643522888418204
2026-07-10 08:00:00+00:00,2026-07-19 00:00:00+00:00,9,2.758146977875981,150.861,-0.0917718239349552,2026-06-26,101,2.758146977875981
2026-06-26 08:00:00+00:00,2026-07-06 00:00:00+00:00,10,-1.3715383065993194,151.982,-2.8585092033085906,2026-06-26,100,-1.3715383065993194
2026-06-27 08:00:00+00:00,2026-07-07 00:00:00+00:00,10,-0.975440963695064,151.728,-2.8669718354165936,2026-06-26,100,-0.975440963695064
2026-06-28 08:00:00+00:00,2026-07-08 00:00:00+00:00,10,-0.8743815068825995,151.654,-2.5817802358801893,2026-06-26,100,-0.8743815068825995
2026-06-29 08:00:00+00:00,2026-07-09 00:00:00+00:00,10,-0.7875328550476581,151.619,-2.3967811378048443,2026-06-26,100,-0.7875328550476581
2026-06-30 08:00:00+00:00,2026-07-10 00:00:00+00:00,10,-0.3654055471409378,151.388,-2.1887021911897517,2026-06-26,100,-0.3654055471409378
2026-07-01 08:00:00+00:00,2026-07-11 00:00:00+00:00,10,0.0955366124454144,151.126,-2.055706504567126,2026-06-26,100,0.0955366124454144
2026-07-02 08:00:00+00:00,2026-07-12 00:00:00+00:00,10,0.4319573588183232,150.952,-1.775293746430218,2026-06-26,100,0.4319573588183232
2026-07-03 08:00:00+00:00,2026-07-13 00:00:00+00:00,10,0.6306349492747927,150.806,-1.9745718588489187,2026-06-26,100,0.6306349492747927
2026-07-04 08:00:00+00:00,2026-07-14 00:00:00+00:00,10,0.9608088325881852,150.608,-2.0284882780908355,2026-06-26,100,0.9608088325881852
2026-07-05 08:00:00+00:00,2026-07-15 00:00:00+00:00,10,1.582203816926352,150.583,-1.8225310467861324,2026-06-26,100,1.582203816926352
2026-07-06 08:00:00+00:00,2026-07-16 00:00:00+00:00,10,1.9507567733555788,150.58,-1.686218480442295,2026-06-26,100,1.9507567733555788
2026-07-07 08:00:00+00:00,2026-07-17 00:00:00+00:00,10,2.178780586103869,150.682,-1.0759717390335637,2026-06-26,100,2.178780586103869
2026-07-08 08:00:00+00:00,2026-07-18 00:00:00+00:00,10,2.818709497467069,150.672,-0.8220060549756165,2026-06-26,100,2.818709497467069
2026-07-09 08:00:00+00:00,2026-07-19 00:00:00+00:00,10,2.9696462935043257,150.702,0.2105500875068553,2026-06-26,100,2.9696462935043257
2026-06-26 08:00:00+00:00,2026-07-07 00:00:00+00:00,11,-1.2323525393403258,151.982,-3.10255239960662,2026-06-26,99,-1.2323525393403258
2026-06-27 08:00:00+00:00,2026-07-08 00:00:00+00:00,11,-0.9654180243775272,151.728,-3.116269322746457,2026-06-26,99,-0.9654180243775272
2026-06-28 08:00:00+00:00,2026-07-09 00:00:00+00:00,11,-0.8200242982573513,151.654,-2.795314142399615,2026-06-26,99,-0.8200242982573513
2026-06-29 08:00:00+00:00,2026-07-10 00:00:00+00:00,11,-0.5760335394193135,151.619,-2.5778085164245352,2026-06-26,99,-0.5760335394193135
2026-06-30 08:00:00+00:00,2026-07-11 00:00:00+00:00,11,-0.1426589614038675,151.388,-2.331853952151945,2026-06-26,99,-0.1426589614038675
2026-07-01 08:00:00+00:00,2026-07-12 00:00:00+00:00,11,0.2139213398167214,151.126,-2.138453173699907,2026-06-26,99,0.2139213398167214
2026-07-02 08:00:00+00:00,2026-07-13 00:00:00+00:00,11,0.4896834944058525,150.952,-1.8120114928573037,2026-06-26,99,0.4896834944058525
2026-07-03 08:00:00+00:00,2026-07-14 00:00:00+00:00,11,0.8068025774477974,150.806,-2.093460904976852,2026-06-26,99,0.8068025774477974
2026-07-04 08:00:00+00:00,2026-07-15 00:00:00+00:00,11,1.5491908266730263,150.608,-2.15963193369505,2026-06-26,99,1.5491908266730263
2026-07-05 08:00:00+00:00,2026-07-16 00:00:00+00:00,11,1.9544882884980552,150.583,-1.9319831240819,2026-06-26,99,1.9544882884980552
2026-07-06 08:00:00+00:00,2026-07-17 00:00:00+00:00,11,2.3179663533628627,150.58,-1.7783870781637152,2026-06-26,99,2.3179663533628627
2026-07-07 08:00:00+00:00,2026-07-18 00:00:00+00:00,11,2.8287324367846054,150.682,-1.0820066444343384,2026-06-26,99,2.8287324367846054
2026-07-08 08:00:00+00:00,2026-07-19 00:00:00+00:00,11,3.024003502129574,150.672,-0.8334660289854849,2026-06-26,99,3.024003502129574
2026-06-26 08:00:00+00:00,2026-07-08 00:00:00+00:00,12,-1.222329600022789,151.982,-3.3324319676939105,2026-06-26,98,-1.222329600022789
2026-06-27 08:00:00+00:00,2026-07-09 00:00:00+00:00,12,-0.911060815752279,151.728,-3.3616448155483134,2026-06-26,98,-0.911060815752279
2026-06-28 08:00:00+00:00,2026-07-10 00:00:00+00:00,12,-0.6085249826290067,151.654,-3.0182826798764903,2026-06-26,98,-0.6085249826290067
2026-06-29 08:00:00+00:00,2026-07-11 00:00:00+00:00,12,-0.3532869536822431,151.619,-2.770767272814819,2026-06-26,98,-0.3532869536822431
2026-06-30 08:00:00+00:00,2026-07-12 00:00:00+00:00,12,-0.0242742340325605,151.388,-2.4620830830139404,2026-06-26,98,-0.0242742340325605
2026-07-01 08:00:00+00:00,2026-07-13 00:00:00+00:00,12,0.2716474754042508,151.126,-2.201073442219106,2026-06-26,98,0.2716474754042508
2026-07-02 08:00:00+00:00,2026-07-14 00:00:00+00:00,12,0.6658511225788573,150.952,-1.8339071930364823,2026-06-26,98,0.6658511225788573
2026-07-03 08:00:00+00:00,2026-07-15 00:00:00+00:00,12,1.3951845715326383,150.806,-2.20671369822018,2026-06-26,98,1.3951845715326383
2026-07-04 08:00:00+00:00,2026-07-16 00:00:00+00:00,12,1.9214752982447296,150.608,-2.2816954573579027,2026-06-26,98,1.9214752982447296
2026-07-05 08:00:00+00:00,2026-07-17 00:00:00+00:00,12,2.321697868505339,150.583,-2.047529964230523,2026-06-26,98,2.321697868505339
2026-07-06 08:00:00+00:00,2026-07-18 00:00:00+00:00,12,2.967918204043599,150.58,-1.8759523784961136,2026-06-26,98,2.967918204043599
2026-07-07 08:00:00+00:00,2026-07-19 00:00:00+00:00,12,3.0340264414471108,150.682,-1.097539050524458,2026-06-26,98,3.0340264414471108
2026-06-26 08:00:00+00:00,2026-07-09 00:00:00+00:00,13,-1.1679723913975408,151.982,-3.5684552250461303,2026-06-26,97,-1.1679723913975408
2026-06-27 08:00:00+00:00,2026-07-10 00:00:00+00:00,13,-0.6995615001239344,151.728,-3.591946255375663,2026-06-26,97,-0.6995615001239344
2026-06-28 08:00:00+00:00,2026-07-11 00:00:00+00:00,13,-0.3857783968919364,151.654,-3.1962900923554045,2026-06-26,97,-0.3857783968919364
2026-06-29 08:00:00+00:00,2026-07-12 00:00:00+00:00,13,-0.2349022263109361,151.619,-2.918762098471495,2026-06-26,97,-0.2349022263109361
2026-06-30 08:00:00+00:00,2026-07-13 00:00:00+00:00,13,0.0334519015549688,151.388,-2.5928902610700426,2026-06-26,97,0.0334519015549688
2026-07-01 08:00:00+00:00,2026-07-14 00:00:00+00:00,13,0.4478151035772555,151.126,-2.269628523553761,2026-06-26,97,0.4478151035772555
2026-07-02 08:00:00+00:00,2026-07-15 00:00:00+00:00,13,1.2542331166636984,150.952,-1.8526685465523691,2026-06-26,97,1.2542331166636984
2026-07-03 08:00:00+00:00,2026-07-16 00:00:00+00:00,13,1.7674690431043416,150.806,-2.305628466023403,2026-06-26,97,1.7674690431043416
2026-07-04 08:00:00+00:00,2026-07-17 00:00:00+00:00,13,2.2886848782520133,150.608,-2.3985728401857536,2026-06-26,97,2.2886848782520133
2026-07-05 08:00:00+00:00,2026-07-18 00:00:00+00:00,13,2.9716497191860753,150.583,-2.125350248718372,2026-06-26,97,2.9716497191860753
2026-07-06 08:00:00+00:00,2026-07-19 00:00:00+00:00,13,3.1732122087061043,150.58,-1.9369295565289304,2026-06-26,97,3.1732122087061043
2026-06-26 08:00:00+00:00,2026-07-10 00:00:00+00:00,14,-0.9564730757691962,151.982,-3.775903661249066,2026-06-26,96,-0.9564730757691962
2026-06-27 08:00:00+00:00,2026-07-11 00:00:00+00:00,14,-0.4768149143868641,151.728,-3.790702375797056,2026-06-26,96,-0.4768149143868641
2026-06-28 08:00:00+00:00,2026-07-12 00:00:00+00:00,14,-0.2673936695206294,151.654,-3.3566933619359247,2026-06-26,96,-0.2673936695206294
2026-06-29 08:00:00+00:00,2026-07-13 00:00:00+00:00,14,-0.1771760907234068,151.619,-3.0630751434715675,2026-06-26,96,-0.1771760907234068
2026-06-30 08:00:00+00:00,2026-07-14 00:00:00+00:00,14,0.2096195297279734,151.388,-2.712027846089801,2026-06-26,96,0.2096195297279734
2026-07-01 08:00:00+00:00,2026-07-15 00:00:00+00:00,14,1.0361970976620969,151.126,-2.3152617669055644,2026-06-26,96,1.0361970976620969
2026-07-02 08:00:00+00:00,2026-07-16 00:00:00+00:00,14,1.6265175882354015,150.952,-1.8434162237017937,2026-06-26,96,1.6265175882354015
2026-07-03 08:00:00+00:00,2026-07-17 00:00:00+00:00,14,2.1346786231116255,150.806,-2.3920327515518265,2026-06-26,96,2.1346786231116255
2026-07-04 08:00:00+00:00,2026-07-18 00:00:00+00:00,14,2.9386367289327495,150.608,-2.4964365833463695,2026-06-26,96,2.9386367289327495
2026-07-05 08:00:00+00:00,2026-07-19 00:00:00+00:00,14,3.1769437238485807,150.583,-2.1915298618632564,2026-06-26,96,3.1769437238485807
