origin,target_date,horizon,actual_delta,anchor_price,predicted_delta,fold,train_count,fixed_cohort_target_delta
2026-05-15 08:00:00+00:00,2026-05-16 00:00:00+00:00,1,0.1823244691027525,157.939,0.1676848223929156,2026-05-15,67,0.1823244691027525
2026-05-16 08:00:00+00:00,2026-05-17 00:00:00+00:00,1,0.0323321216759211,158.118,0.1805934272122303,2026-05-15,67,0.0323321216759211
2026-05-17 08:00:00+00:00,2026-05-18 00:00:00+00:00,1,0.048325999617333,158.142,0.1754593304004204,2026-05-15,67,0.048325999617333
2026-05-18 08:00:00+00:00,2026-05-19 00:00:00+00:00,1,0.2127491869140954,158.182,0.2950327025171326,2026-05-15,67,0.2127491869140954
2026-05-19 08:00:00+00:00,2026-05-20 00:00:00+00:00,1,0.2343983164338965,158.452,0.2838968426742057,2026-05-15,67,0.2343983164338965
2026-05-20 08:00:00+00:00,2026-05-21 00:00:00+00:00,1,0.2233920030610363,158.636,0.2131632607635999,2026-05-15,67,0.2233920030610363
2026-05-21 08:00:00+00:00,2026-05-22 00:00:00+00:00,1,0.3578725846566044,158.879,0.128483011522153,2026-05-15,67,0.3578725846566044
2026-05-22 08:00:00+00:00,2026-05-23 00:00:00+00:00,1,0.157815190357752,159.147,0.076377391340903,2026-05-15,67,0.157815190357752
2026-05-23 08:00:00+00:00,2026-05-24 00:00:00+00:00,1,0.0187660225750789,159.305,0.0785214166917863,2026-05-15,67,0.0187660225750789
2026-05-24 08:00:00+00:00,2026-05-25 00:00:00+00:00,1,0.0248536445379841,159.325,0.0630859324331765,2026-05-15,67,0.0248536445379841
2026-05-25 08:00:00+00:00,2026-05-26 00:00:00+00:00,1,0.0174287354122952,159.348,0.0435665133573594,2026-05-15,67,0.0174287354122952
2026-05-26 08:00:00+00:00,2026-05-27 00:00:00+00:00,1,0.0629041515209394,159.364,0.0330844143380703,2026-05-15,67,0.0629041515209394
2026-05-27 08:00:00+00:00,2026-05-28 00:00:00+00:00,1,0.0357375167400277,159.432,-0.0821731384919344,2026-05-15,67,0.0357375167400277
2026-05-28 08:00:00+00:00,2026-05-29 00:00:00+00:00,1,-0.0447866845227054,159.457,-0.1458493296892472,2026-05-15,67,-0.0447866845227054
2026-05-29 08:00:00+00:00,2026-05-30 00:00:00+00:00,1,-0.1052018366175389,159.418,-0.1401651947816292,2026-05-15,67,-0.1052018366175389
2026-05-30 08:00:00+00:00,2026-05-31 00:00:00+00:00,1,-0.0141955232446946,159.349,-0.2277788361928339,2026-05-15,67,-0.0141955232446946
2026-05-31 08:00:00+00:00,2026-06-01 00:00:00+00:00,1,-0.0063133728716309,159.329,-0.2287041672928407,2026-05-15,67,-0.0063133728716309
2026-06-01 08:00:00+00:00,2026-06-02 00:00:00+00:00,1,-0.1886933231298826,159.316,-0.2679393309620004,2026-05-15,67,-0.1886933231298826
2026-06-02 08:00:00+00:00,2026-06-03 00:00:00+00:00,1,-0.2318155729864202,159.065,-0.2899760944571817,2026-05-15,67,-0.2318155729864202
2026-06-03 08:00:00+00:00,2026-06-04 00:00:00+00:00,1,-0.2077673617754101,158.844,-0.2405637354784521,2026-05-15,67,-0.2077673617754101
2026-06-04 08:00:00+00:00,2026-06-05 00:00:00+00:00,1,-0.3077864932083685,158.654,-0.1298746891385643,2026-05-15,67,-0.3077864932083685
2026-05-15 08:00:00+00:00,2026-05-17 00:00:00+00:00,2,0.2146565907786737,157.939,0.3669230464794968,2026-05-15,66,0.2146565907786737
2026-05-16 08:00:00+00:00,2026-05-18 00:00:00+00:00,2,0.0806581212932542,158.118,0.3846379708014091,2026-05-15,66,0.0806581212932542
2026-05-17 08:00:00+00:00,2026-05-19 00:00:00+00:00,2,0.2610751865314284,158.142,0.3924041864041582,2026-05-15,66,0.2610751865314284
2026-05-18 08:00:00+00:00,2026-05-20 00:00:00+00:00,2,0.4471475033479919,158.182,0.6414460468699218,2026-05-15,66,0.4471475033479919
2026-05-19 08:00:00+00:00,2026-05-21 00:00:00+00:00,2,0.4577903194949329,158.452,0.590148516921602,2026-05-15,66,0.4577903194949329
2026-05-20 08:00:00+00:00,2026-05-22 00:00:00+00:00,2,0.5812645877176408,158.636,0.4385988221334094,2026-05-15,66,0.5812645877176408
2026-05-21 08:00:00+00:00,2026-05-23 00:00:00+00:00,2,0.5156877750143565,158.879,0.2518227461284871,2026-05-15,66,0.5156877750143565
2026-05-22 08:00:00+00:00,2026-05-24 00:00:00+00:00,2,0.176581212932831,159.147,0.1384704521418804,2026-05-15,66,0.176581212932831
2026-05-23 08:00:00+00:00,2026-05-25 00:00:00+00:00,2,0.043619667113063,159.305,0.1569080106342358,2026-05-15,66,0.043619667113063
2026-05-24 08:00:00+00:00,2026-05-26 00:00:00+00:00,2,0.0422823799502793,159.325,0.1393626881878481,2026-05-15,66,0.0422823799502793
2026-05-25 08:00:00+00:00,2026-05-27 00:00:00+00:00,2,0.0803328869332347,159.348,0.0934265070125626,2026-05-15,66,0.0803328869332347
2026-05-26 08:00:00+00:00,2026-05-28 00:00:00+00:00,2,0.0986416682609672,159.364,0.0707501231716709,2026-05-15,66,0.0986416682609672
2026-05-27 08:00:00+00:00,2026-05-29 00:00:00+00:00,2,-0.0090491677826776,159.432,-0.1758506121639987,2026-05-15,66,-0.0090491677826776
2026-05-28 08:00:00+00:00,2026-05-30 00:00:00+00:00,2,-0.1499885211402443,159.457,-0.2964250078625493,2026-05-15,66,-0.1499885211402443
2026-05-29 08:00:00+00:00,2026-05-31 00:00:00+00:00,2,-0.1193973598622335,159.418,-0.2708844099450609,2026-05-15,66,-0.1193973598622335
2026-05-30 08:00:00+00:00,2026-06-01 00:00:00+00:00,2,-0.0205088961163255,159.349,-0.502967040965773,2026-05-15,66,-0.0205088961163255
2026-05-31 08:00:00+00:00,2026-06-02 00:00:00+00:00,2,-0.1950066960015135,159.329,-0.5108736273672719,2026-05-15,66,-0.1950066960015135
2026-06-01 08:00:00+00:00,2026-06-03 00:00:00+00:00,2,-0.4205088961163028,159.316,-0.6192293929447811,2026-05-15,66,-0.4205088961163028
2026-06-02 08:00:00+00:00,2026-06-04 00:00:00+00:00,2,-0.4395829347618303,159.065,-0.6281877339786971,2026-05-15,66,-0.4395829347618303
2026-06-03 08:00:00+00:00,2026-06-05 00:00:00+00:00,2,-0.5155538549837786,158.844,-0.4783578277388006,2026-05-15,66,-0.5155538549837786
2026-06-04 08:00:00+00:00,2026-06-06 00:00:00+00:00,2,-0.6606466424335338,158.654,-0.2302954837698511,2026-05-15,66,-0.6606466424335338
2026-05-15 08:00:00+00:00,2026-05-18 00:00:00+00:00,3,0.2629825903960068,157.939,0.5068050429234411,2026-05-15,65,0.2629825903960068
2026-05-16 08:00:00+00:00,2026-05-19 00:00:00+00:00,3,0.2934073082073496,158.118,0.5366634465050586,2026-05-15,65,0.2934073082073496
2026-05-17 08:00:00+00:00,2026-05-20 00:00:00+00:00,3,0.495473502965325,158.142,0.5371830567303271,2026-05-15,65,0.495473502965325
2026-05-18 08:00:00+00:00,2026-05-21 00:00:00+00:00,3,0.6705395064090283,158.182,0.9124933515539672,2026-05-15,65,0.6705395064090283
2026-05-19 08:00:00+00:00,2026-05-22 00:00:00+00:00,3,0.8156629041515373,158.452,0.8414530761132687,2026-05-15,65,0.8156629041515373
2026-05-20 08:00:00+00:00,2026-05-23 00:00:00+00:00,3,0.7390797780753928,158.636,0.6298383176831799,2026-05-15,65,0.7390797780753928
2026-05-21 08:00:00+00:00,2026-05-24 00:00:00+00:00,3,0.5344537975894355,158.879,0.3782029434092859,2026-05-15,65,0.5344537975894355
2026-05-22 08:00:00+00:00,2026-05-25 00:00:00+00:00,3,0.2014348574708151,159.147,0.2111344640236553,2026-05-15,65,0.2014348574708151
2026-05-23 08:00:00+00:00,2026-05-26 00:00:00+00:00,3,0.0610484025253583,159.305,0.2289970040102911,2026-05-15,65,0.0610484025253583
2026-05-24 08:00:00+00:00,2026-05-27 00:00:00+00:00,3,0.1051865314712188,159.325,0.1964884263809587,2026-05-15,65,0.1051865314712188
2026-05-25 08:00:00+00:00,2026-05-28 00:00:00+00:00,3,0.1160704036732624,159.348,0.1341358719520016,2026-05-15,65,0.1160704036732624
2026-05-26 08:00:00+00:00,2026-05-29 00:00:00+00:00,3,0.0538549837382618,159.364,0.1030858718798497,2026-05-15,65,0.0538549837382618
2026-05-27 08:00:00+00:00,2026-05-30 00:00:00+00:00,3,-0.1142510044002165,159.432,-0.2666557292786586,2026-05-15,65,-0.1142510044002165
2026-05-28 08:00:00+00:00,2026-05-31 00:00:00+00:00,3,-0.1641840443849389,159.457,-0.4465942671805376,2026-05-15,65,-0.1641840443849389
2026-05-29 08:00:00+00:00,2026-06-01 00:00:00+00:00,3,-0.1257107327338644,159.418,-0.4154769848718684,2026-05-15,65,-0.1257107327338644
2026-05-30 08:00:00+00:00,2026-06-02 00:00:00+00:00,3,-0.2092022192462082,159.349,-0.7839409853464707,2026-05-15,65,-0.2092022192462082
2026-05-31 08:00:00+00:00,2026-06-03 00:00:00+00:00,3,-0.4268222689879337,159.329,-0.791645751010603,2026-05-15,65,-0.4268222689879337
2026-06-01 08:00:00+00:00,2026-06-04 00:00:00+00:00,3,-0.6282762578917129,159.316,-0.9633646615850264,2026-05-15,65,-0.6282762578917129
2026-06-02 08:00:00+00:00,2026-06-05 00:00:00+00:00,3,-0.7473694279701988,159.065,-0.9952891848656318,2026-05-15,65,-0.7473694279701988
2026-06-03 08:00:00+00:00,2026-06-06 00:00:00+00:00,3,-0.8684140042089439,158.844,-0.7813453612577028,2026-05-15,65,-0.8684140042089439
2026-06-04 08:00:00+00:00,2026-06-07 00:00:00+00:00,3,-0.7702314903386309,158.654,-0.4014992527710517,2026-05-15,65,-0.7702314903386309
2026-05-15 08:00:00+00:00,2026-05-19 00:00:00+00:00,4,0.4757317773101022,157.939,0.6187821284837819,2026-05-15,64,0.4757317773101022
2026-05-16 08:00:00+00:00,2026-05-20 00:00:00+00:00,4,0.5278056246412461,158.118,0.665749190957458,2026-05-15,64,0.5278056246412461
2026-05-17 08:00:00+00:00,2026-05-21 00:00:00+00:00,4,0.7188655060263613,158.142,0.6444598889723478,2026-05-15,64,0.7188655060263613
2026-05-18 08:00:00+00:00,2026-05-22 00:00:00+00:00,4,1.0284120910656327,158.182,1.1347474138457505,2026-05-15,64,1.0284120910656327
2026-05-19 08:00:00+00:00,2026-05-23 00:00:00+00:00,4,0.9734780945092892,158.452,1.05806058421613,2026-05-15,64,0.9734780945092892
2026-05-20 08:00:00+00:00,2026-05-24 00:00:00+00:00,4,0.7578458006504718,158.636,0.8174340583416778,2026-05-15,64,0.7578458006504718
2026-05-21 08:00:00+00:00,2026-05-25 00:00:00+00:00,4,0.5593074421274196,158.879,0.5388641662228661,2026-05-15,64,0.5593074421274196
2026-05-22 08:00:00+00:00,2026-05-26 00:00:00+00:00,4,0.2188635928831104,159.147,0.3304800054052195,2026-05-15,64,0.2188635928831104
2026-05-23 08:00:00+00:00,2026-05-27 00:00:00+00:00,4,0.1239525540462977,159.305,0.3355910909044549,2026-05-15,64,0.1239525540462977
2026-05-24 08:00:00+00:00,2026-05-28 00:00:00+00:00,4,0.1409240482112466,159.325,0.2786950488781751,2026-05-15,64,0.1409240482112466
2026-05-25 08:00:00+00:00,2026-05-29 00:00:00+00:00,4,0.071283719150557,159.348,0.2233395042102954,2026-05-15,64,0.071283719150557
2026-05-26 08:00:00+00:00,2026-05-30 00:00:00+00:00,4,-0.051346852879277,159.364,0.1865777073328354,2026-05-15,64,-0.051346852879277
2026-05-27 08:00:00+00:00,2026-05-31 00:00:00+00:00,4,-0.1284465276449111,159.432,-0.277880066042788,2026-05-15,64,-0.1284465276449111
2026-05-28 08:00:00+00:00,2026-06-01 00:00:00+00:00,4,-0.1704974172565698,159.457,-0.5270608170824189,2026-05-15,64,-0.1704974172565698
2026-05-29 08:00:00+00:00,2026-06-02 00:00:00+00:00,4,-0.3144040558637471,159.418,-0.5087123734865917,2026-05-15,64,-0.3144040558637471
2026-05-30 08:00:00+00:00,2026-06-03 00:00:00+00:00,4,-0.4410177922326284,159.349,-1.028068963082518,2026-05-15,64,-0.4410177922326284
2026-05-31 08:00:00+00:00,2026-06-04 00:00:00+00:00,4,-0.6345896307633438,159.329,-1.0302599739807876,2026-05-15,64,-0.6345896307633438
2026-06-01 08:00:00+00:00,2026-06-05 00:00:00+00:00,4,-0.9360627511000814,159.316,-1.2543450202361894,2026-05-15,64,-0.9360627511000814
2026-06-02 08:00:00+00:00,2026-06-06 00:00:00+00:00,4,-1.100229577195364,159.065,-1.3481889157473503,2026-05-15,64,-1.100229577195364
2026-06-03 08:00:00+00:00,2026-06-07 00:00:00+00:00,4,-0.977998852114041,158.844,-1.1048842759932778,2026-05-15,64,-0.977998852114041
2026-06-04 08:00:00+00:00,2026-06-08 00:00:00+00:00,4,-0.8044576238760328,158.654,-0.6146787450057307,2026-05-15,64,-0.8044576238760328
2026-05-15 08:00:00+00:00,2026-05-20 00:00:00+00:00,5,0.7101300937439987,157.939,0.7337052587971575,2026-05-15,63,0.7101300937439987
2026-05-16 08:00:00+00:00,2026-05-21 00:00:00+00:00,5,0.7511976277022825,158.118,0.7914894649261833,2026-05-15,63,0.7511976277022825
2026-05-17 08:00:00+00:00,2026-05-22 00:00:00+00:00,5,1.0767380906829658,158.142,0.7564672006996426,2026-05-15,63,1.0767380906829658
2026-05-18 08:00:00+00:00,2026-05-23 00:00:00+00:00,5,1.1862272814233847,158.182,1.3875834344397662,2026-05-15,63,1.1862272814233847
2026-05-19 08:00:00+00:00,2026-05-24 00:00:00+00:00,5,0.9922441170843684,158.452,1.2838618022012869,2026-05-15,63,0.9922441170843684
2026-05-20 08:00:00+00:00,2026-05-25 00:00:00+00:00,5,0.7826994451884559,158.636,1.0030002482682667,2026-05-15,63,0.7826994451884559
2026-05-21 08:00:00+00:00,2026-05-26 00:00:00+00:00,5,0.5767361775397148,158.879,0.678804551925553,2026-05-15,63,0.5767361775397148
2026-05-22 08:00:00+00:00,2026-05-27 00:00:00+00:00,5,0.2817677444040498,159.147,0.410055218471836,2026-05-15,63,0.2817677444040498
2026-05-23 08:00:00+00:00,2026-05-28 00:00:00+00:00,5,0.1596900707863255,159.305,0.406505997599681,2026-05-15,63,0.1596900707863255
2026-05-24 08:00:00+00:00,2026-05-29 00:00:00+00:00,5,0.0961373636885412,159.325,0.3357603937950375,2026-05-15,63,0.0961373636885412
2026-05-25 08:00:00+00:00,2026-05-30 00:00:00+00:00,5,-0.0339181174669818,159.348,0.2755842536707915,2026-05-15,63,-0.0339181174669818
2026-05-26 08:00:00+00:00,2026-05-31 00:00:00+00:00,5,-0.0655423761239717,159.364,0.2365651886854558,2026-05-15,63,-0.0655423761239717
2026-05-27 08:00:00+00:00,2026-06-01 00:00:00+00:00,5,-0.134759900516542,159.432,-0.3613871293608606,2026-05-15,63,-0.134759900516542
2026-05-28 08:00:00+00:00,2026-06-02 00:00:00+00:00,5,-0.3591907403864525,159.457,-0.6784640423559494,2026-05-15,63,-0.3591907403864525
2026-05-29 08:00:00+00:00,2026-06-03 00:00:00+00:00,5,-0.5462196288501673,159.418,-0.6621419292950916,2026-05-15,63,-0.5462196288501673
2026-05-30 08:00:00+00:00,2026-06-04 00:00:00+00:00,5,-0.6487851540080385,159.349,-1.3234161165807978,2026-05-15,63,-0.6487851540080385
2026-05-31 08:00:00+00:00,2026-06-05 00:00:00+00:00,5,-0.9423761239717124,159.329,-1.322255330415805,2026-05-15,63,-0.9423761239717124
2026-06-01 08:00:00+00:00,2026-06-06 00:00:00+00:00,5,-1.2889229003252467,159.316,-1.6091425675686897,2026-05-15,63,-1.2889229003252467
2026-06-02 08:00:00+00:00,2026-06-07 00:00:00+00:00,5,-1.2098144251004612,159.065,-1.7402771464282778,2026-05-15,63,-1.2098144251004612
2026-06-03 08:00:00+00:00,2026-06-08 00:00:00+00:00,5,-1.012224985651443,158.844,-1.4626659481197324,2026-05-15,63,-1.012224985651443
2026-06-04 08:00:00+00:00,2026-06-09 00:00:00+00:00,5,-1.194356227281446,158.654,-0.8298456175278823,2026-05-15,63,-1.194356227281446
2026-05-15 08:00:00+00:00,2026-05-21 00:00:00+00:00,6,0.9335220968050352,157.939,0.8578669445108892,2026-05-15,62,0.9335220968050352
2026-05-16 08:00:00+00:00,2026-05-22 00:00:00+00:00,6,1.109070212358887,158.118,0.924234270919409,2026-05-15,62,1.109070212358887
2026-05-17 08:00:00+00:00,2026-05-23 00:00:00+00:00,6,1.2345532810407178,158.142,0.8872529720566726,2026-05-15,62,1.2345532810407178
2026-05-18 08:00:00+00:00,2026-05-24 00:00:00+00:00,6,1.2049933039984635,158.182,1.6457089680891612,2026-05-15,62,1.2049933039984635
2026-05-19 08:00:00+00:00,2026-05-25 00:00:00+00:00,6,1.0170977616223524,158.452,1.5052300141257096,2026-05-15,62,1.0170977616223524
2026-05-20 08:00:00+00:00,2026-05-26 00:00:00+00:00,6,0.8001281806007512,158.636,1.186364763067521,2026-05-15,62,0.8001281806007512
2026-05-21 08:00:00+00:00,2026-05-27 00:00:00+00:00,6,0.6396403290606543,158.879,0.8196831860021413,2026-05-15,62,0.6396403290606543
2026-05-22 08:00:00+00:00,2026-05-28 00:00:00+00:00,6,0.3175052611440776,159.147,0.4989889760471755,2026-05-15,62,0.3175052611440776
2026-05-23 08:00:00+00:00,2026-05-29 00:00:00+00:00,6,0.1149033862636201,159.305,0.4985416225414589,2026-05-15,62,0.1149033862636201
2026-05-24 08:00:00+00:00,2026-05-30 00:00:00+00:00,6,-0.0090644729289977,159.325,0.4175239427299677,2026-05-15,62,-0.0090644729289977
2026-05-25 08:00:00+00:00,2026-05-31 00:00:00+00:00,6,-0.0481136407116764,159.348,0.3404184201418141,2026-05-15,62,-0.0481136407116764
2026-05-26 08:00:00+00:00,2026-06-01 00:00:00+00:00,6,-0.0718557489956026,159.364,0.2932894315749286,2026-05-15,62,-0.0718557489956026
2026-05-27 08:00:00+00:00,2026-06-02 00:00:00+00:00,6,-0.3234532236464247,159.432,-0.4407436505386009,2026-05-15,62,-0.3234532236464247
2026-05-28 08:00:00+00:00,2026-06-03 00:00:00+00:00,6,-0.5910063133728727,159.457,-0.8090293226676628,2026-05-15,62,-0.5910063133728727
2026-05-29 08:00:00+00:00,2026-06-04 00:00:00+00:00,6,-0.7539869906255774,159.418,-0.7848277340956213,2026-05-15,62,-0.7539869906255774
2026-05-30 08:00:00+00:00,2026-06-05 00:00:00+00:00,6,-0.956571647216407,159.349,-1.608853342834405,2026-05-15,62,-0.956571647216407
2026-05-31 08:00:00+00:00,2026-06-06 00:00:00+00:00,6,-1.2952362731968776,159.329,-1.6089339235977074,2026-05-15,62,-1.2952362731968776
2026-06-01 08:00:00+00:00,2026-06-07 00:00:00+00:00,6,-1.398507748230344,159.316,-1.978416141843163,2026-05-15,62,-1.398507748230344
2026-06-02 08:00:00+00:00,2026-06-08 00:00:00+00:00,6,-1.2440405586378631,159.065,-2.122584720162153,2026-05-15,62,-1.2440405586378631
2026-06-03 08:00:00+00:00,2026-06-09 00:00:00+00:00,6,-1.4021235890568562,158.844,-1.7835095169972288,2026-05-15,62,-1.4021235890568562
2026-06-04 08:00:00+00:00,2026-06-10 00:00:00+00:00,6,-1.7012818060072732,158.654,-1.0060715018428157,2026-05-15,62,-1.7012818060072732
2026-05-15 08:00:00+00:00,2026-05-22 00:00:00+00:00,7,1.2913946814616395,157.939,0.9329126959869908,2026-05-15,61,1.2913946814616395
2026-05-16 08:00:00+00:00,2026-05-23 00:00:00+00:00,7,1.266885402716639,158.118,1.0157096123860838,2026-05-15,61,1.266885402716639
2026-05-17 08:00:00+00:00,2026-05-24 00:00:00+00:00,7,1.2533193036157968,158.142,0.9675538992017216,2026-05-15,61,1.2533193036157968
2026-05-18 08:00:00+00:00,2026-05-25 00:00:00+00:00,7,1.2298469485364478,158.182,1.825969765323641,2026-05-15,61,1.2298469485364478
2026-05-19 08:00:00+00:00,2026-05-26 00:00:00+00:00,7,1.0345264970346475,158.452,1.665422323948702,2026-05-15,61,1.0345264970346475
2026-05-20 08:00:00+00:00,2026-05-27 00:00:00+00:00,7,0.8630323321216906,158.636,1.3361793699724531,2026-05-15,61,0.8630323321216906
2026-05-21 08:00:00+00:00,2026-05-28 00:00:00+00:00,7,0.675377845800682,158.879,0.977400717453888,2026-05-15,61,0.675377845800682
2026-05-22 08:00:00+00:00,2026-05-29 00:00:00+00:00,7,0.2727185766213722,159.147,0.6299822093993925,2026-05-15,61,0.2727185766213722
2026-05-23 08:00:00+00:00,2026-05-30 00:00:00+00:00,7,0.0097015496460812,159.305,0.628694437007316,2026-05-15,61,0.0097015496460812
2026-05-24 08:00:00+00:00,2026-05-31 00:00:00+00:00,7,-0.0232599961736923,159.325,0.523847241792005,2026-05-15,61,-0.0232599961736923
2026-05-25 08:00:00+00:00,2026-06-01 00:00:00+00:00,7,-0.0544270135833073,159.348,0.4264461367030343,2026-05-15,61,-0.0544270135833073
2026-05-26 08:00:00+00:00,2026-06-02 00:00:00+00:00,7,-0.2605490721254853,159.364,0.3658625480226805,2026-05-15,61,-0.2605490721254853
2026-05-27 08:00:00+00:00,2026-06-03 00:00:00+00:00,7,-0.5552687966328449,159.432,-0.4904148346870021,2026-05-15,61,-0.5552687966328449
2026-05-28 08:00:00+00:00,2026-06-04 00:00:00+00:00,7,-0.7987736751482828,159.457,-0.8908721873958858,2026-05-15,61,-0.7987736751482828
2026-05-29 08:00:00+00:00,2026-06-05 00:00:00+00:00,7,-1.061773483833946,159.418,-0.8641907399697994,2026-05-15,61,-1.061773483833946
2026-05-30 08:00:00+00:00,2026-06-06 00:00:00+00:00,7,-1.3094317964415725,159.349,-1.875079643081254,2026-05-15,61,-1.3094317964415725
2026-05-31 08:00:00+00:00,2026-06-07 00:00:00+00:00,7,-1.4048211211019748,159.329,-1.8740451768191624,2026-05-15,61,-1.4048211211019748
2026-06-01 08:00:00+00:00,2026-06-08 00:00:00+00:00,7,-1.4327338817677455,159.316,-2.3455107889544067,2026-05-15,61,-1.4327338817677455
2026-06-02 08:00:00+00:00,2026-06-09 00:00:00+00:00,7,-1.6339391620432764,159.065,-2.518260337988671,2026-05-15,61,-1.6339391620432764
2026-06-03 08:00:00+00:00,2026-06-10 00:00:00+00:00,7,-1.9090491677826833,158.844,-2.1214648392708018,2026-05-15,61,-1.9090491677826833
2026-06-04 08:00:00+00:00,2026-06-11 00:00:00+00:00,7,-2.140156877750144,158.654,-1.2100839325324575,2026-05-15,61,-2.140156877750144
2026-05-15 08:00:00+00:00,2026-05-23 00:00:00+00:00,8,1.4492098718193915,157.939,0.9912227380523192,2026-05-15,60,1.4492098718193915
2026-05-16 08:00:00+00:00,2026-05-24 00:00:00+00:00,8,1.285651425291718,158.118,1.0824412222492954,2026-05-15,60,1.285651425291718
2026-05-17 08:00:00+00:00,2026-05-25 00:00:00+00:00,8,1.278172948153781,158.142,1.0322589234029986,2026-05-15,60,1.278172948153781
2026-05-18 08:00:00+00:00,2026-05-26 00:00:00+00:00,8,1.247275683948743,158.182,2.0048070594265215,2026-05-15,60,1.247275683948743
2026-05-19 08:00:00+00:00,2026-05-27 00:00:00+00:00,8,1.0974306485555871,158.452,1.7960222054877069,2026-05-15,60,1.0974306485555871
2026-05-20 08:00:00+00:00,2026-05-28 00:00:00+00:00,8,0.8987698488617184,158.636,1.4854963519876656,2026-05-15,60,0.8987698488617184
2026-05-21 08:00:00+00:00,2026-05-29 00:00:00+00:00,8,0.6305911612779767,158.879,1.145743494593456,2026-05-15,60,0.6305911612779767
2026-05-22 08:00:00+00:00,2026-05-30 00:00:00+00:00,8,0.1675167400038333,159.147,0.7644608605792929,2026-05-15,60,0.1675167400038333
2026-05-23 08:00:00+00:00,2026-05-31 00:00:00+00:00,8,-0.0044939735986133,159.305,0.7664413794045051,2026-05-15,60,-0.0044939735986133
2026-05-24 08:00:00+00:00,2026-06-01 00:00:00+00:00,8,-0.0295733690453232,159.325,0.6506982188361685,2026-05-15,60,-0.0295733690453232
2026-05-25 08:00:00+00:00,2026-06-02 00:00:00+00:00,8,-0.24312033671319,159.348,0.546663824396354,2026-05-15,60,-0.24312033671319
2026-05-26 08:00:00+00:00,2026-06-03 00:00:00+00:00,8,-0.4923646451119055,159.364,0.4774765836295138,2026-05-15,60,-0.4923646451119055
2026-05-27 08:00:00+00:00,2026-06-04 00:00:00+00:00,8,-0.763036158408255,159.432,-0.5150520458520544,2026-05-15,60,-0.763036158408255
2026-05-28 08:00:00+00:00,2026-06-05 00:00:00+00:00,8,-1.1065601683566513,159.457,-0.957959071783455,2026-05-15,60,-1.1065601683566513
2026-05-29 08:00:00+00:00,2026-06-06 00:00:00+00:00,8,-1.4146336330591112,159.418,-0.932629261865094,2026-05-15,60,-1.4146336330591112
2026-05-30 08:00:00+00:00,2026-06-07 00:00:00+00:00,8,-1.4190166443466694,159.349,-2.1356801191905093,2026-05-15,60,-1.4190166443466694
2026-05-31 08:00:00+00:00,2026-06-08 00:00:00+00:00,8,-1.4390472546393769,159.329,-2.1357612802552555,2026-05-15,60,-1.4390472546393769
2026-06-01 08:00:00+00:00,2026-06-09 00:00:00+00:00,8,-1.822632485173159,159.316,-2.7060944200945394,2026-05-15,60,-1.822632485173159
2026-06-02 08:00:00+00:00,2026-06-10 00:00:00+00:00,8,-2.1408647407691035,159.065,-2.9049944855967564,2026-05-15,60,-2.1408647407691035
2026-06-03 08:00:00+00:00,2026-06-11 00:00:00+00:00,8,-2.347924239525554,158.844,-2.4883140592991633,2026-05-15,60,-2.347924239525554
2026-06-04 08:00:00+00:00,2026-06-12 00:00:00+00:00,8,-2.539984694853672,158.654,-1.4405232730526691,2026-05-15,60,-2.539984694853672
2026-05-15 08:00:00+00:00,2026-05-24 00:00:00+00:00,9,1.4679758943944703,157.939,1.049391466984446,2026-05-15,59,1.4679758943944703
2026-05-16 08:00:00+00:00,2026-05-25 00:00:00+00:00,9,1.310505069829702,158.118,1.1621061255139318,2026-05-15,59,1.310505069829702
2026-05-17 08:00:00+00:00,2026-05-26 00:00:00+00:00,9,1.2956016835660762,158.142,1.0869067236505603,2026-05-15,59,1.2956016835660762
2026-05-18 08:00:00+00:00,2026-05-27 00:00:00+00:00,9,1.3101798354696823,158.182,2.1495281187474653,2026-05-15,59,1.3101798354696823
2026-05-19 08:00:00+00:00,2026-05-28 00:00:00+00:00,9,1.133168165295615,158.452,1.9292130449074365,2026-05-15,59,1.133168165295615
2026-05-20 08:00:00+00:00,2026-05-29 00:00:00+00:00,9,0.853983164339013,158.636,1.632999513948046,2026-05-15,59,0.853983164339013
2026-05-21 08:00:00+00:00,2026-05-30 00:00:00+00:00,9,0.5253893246604378,158.879,1.3549501437787872,2026-05-15,59,0.5253893246604378
2026-05-22 08:00:00+00:00,2026-05-31 00:00:00+00:00,9,0.1533212167591386,159.147,0.9584496551839116,2026-05-15,59,0.1533212167591386
2026-05-23 08:00:00+00:00,2026-06-01 00:00:00+00:00,9,-0.0108073464702442,159.305,0.9486903172699384,2026-05-15,59,-0.0108073464702442
2026-05-24 08:00:00+00:00,2026-06-02 00:00:00+00:00,9,-0.2182666921752059,159.325,0.7986565486443911,2026-05-15,59,-0.2182666921752059
2026-05-25 08:00:00+00:00,2026-06-03 00:00:00+00:00,9,-0.4749359096996102,159.348,0.6698789161148833,2026-05-15,59,-0.4749359096996102
2026-05-26 08:00:00+00:00,2026-06-04 00:00:00+00:00,9,-0.7001320068873156,159.364,0.588409706121829,2026-05-15,59,-0.7001320068873156
2026-05-27 08:00:00+00:00,2026-06-05 00:00:00+00:00,9,-1.0708226516166237,159.432,-0.5310923649757897,2026-05-15,59,-1.0708226516166237
2026-05-28 08:00:00+00:00,2026-06-06 00:00:00+00:00,9,-1.4594203175818166,159.457,-0.9848777339889084,2026-05-15,59,-1.4594203175818166
2026-05-29 08:00:00+00:00,2026-06-07 00:00:00+00:00,9,-1.5242184809642083,159.418,-0.959705711484366,2026-05-15,59,-1.5242184809642083
2026-05-30 08:00:00+00:00,2026-06-08 00:00:00+00:00,9,-1.4532427778840713,159.349,-2.3859735809341944,2026-05-15,59,-1.4532427778840713
2026-05-31 08:00:00+00:00,2026-06-09 00:00:00+00:00,9,-1.82894585804479,159.329,-2.3798981378814585,2026-05-15,59,-1.82894585804479
2026-06-01 08:00:00+00:00,2026-06-10 00:00:00+00:00,9,-2.329558063898986,159.316,-3.0842108922725857,2026-05-15,59,-2.329558063898986
2026-06-02 08:00:00+00:00,2026-06-11 00:00:00+00:00,9,-2.579739812511974,159.065,-3.321959115883819,2026-05-15,59,-2.579739812511974
2026-06-03 08:00:00+00:00,2026-06-12 00:00:00+00:00,9,-2.747752056629082,158.844,-2.8432472335624586,2026-05-15,59,-2.747752056629082
2026-06-04 08:00:00+00:00,2026-06-13 00:00:00+00:00,9,-2.8707289075952076,158.654,-1.6425618063712952,2026-05-15,59,-2.8707289075952076
2026-05-15 08:00:00+00:00,2026-05-25 00:00:00+00:00,10,1.4928295389324546,157.939,1.1638847152616685,2026-05-15,58,1.4928295389324546
2026-05-16 08:00:00+00:00,2026-05-26 00:00:00+00:00,10,1.3279338052419971,158.118,1.2910483834649846,2026-05-15,58,1.3279338052419971
2026-05-17 08:00:00+00:00,2026-05-27 00:00:00+00:00,10,1.3585058350870156,158.142,1.1991063609891524,2026-05-15,58,1.3585058350870156
2026-05-18 08:00:00+00:00,2026-05-28 00:00:00+00:00,10,1.3459173522097103,158.182,2.3725975014059424,2026-05-15,58,1.3459173522097103
2026-05-19 08:00:00+00:00,2026-05-29 00:00:00+00:00,10,1.0883814807729095,158.452,2.11070488945151,2026-05-15,58,1.0883814807729095
2026-05-20 08:00:00+00:00,2026-05-30 00:00:00+00:00,10,0.7487813277214741,158.636,1.8144356971812945,2026-05-15,58,0.7487813277214741
2026-05-21 08:00:00+00:00,2026-05-31 00:00:00+00:00,10,0.5111938014157431,158.879,1.600031686863252,2026-05-15,58,0.5111938014157431
2026-05-22 08:00:00+00:00,2026-06-01 00:00:00+00:00,10,0.1470078438875077,159.147,1.1723491552355894,2026-05-15,58,0.1470078438875077
2026-05-23 08:00:00+00:00,2026-06-02 00:00:00+00:00,10,-0.1995006696001269,159.305,1.1552650816447598,2026-05-15,58,-0.1995006696001269
2026-05-24 08:00:00+00:00,2026-06-03 00:00:00+00:00,10,-0.4500822651616261,159.325,0.981039121159898,2026-05-15,58,-0.4500822651616261
2026-05-25 08:00:00+00:00,2026-06-04 00:00:00+00:00,10,-0.6827032714750203,159.348,0.8177916394991569,2026-05-15,58,-0.6827032714750203
2026-05-26 08:00:00+00:00,2026-06-05 00:00:00+00:00,10,-1.007918500095684,159.364,0.7269921476444665,2026-05-15,58,-1.007918500095684
2026-05-27 08:00:00+00:00,2026-06-06 00:00:00+00:00,10,-1.4236828008417888,159.432,-0.5472016094564527,2026-05-15,58,-1.4236828008417888
2026-05-28 08:00:00+00:00,2026-06-07 00:00:00+00:00,10,-1.5690051654869137,159.457,-0.9935083977197534,2026-05-15,58,-1.5690051654869137
2026-05-29 08:00:00+00:00,2026-06-08 00:00:00+00:00,10,-1.5584446145016102,159.418,-0.951101728894522,2026-05-15,58,-1.5584446145016102
2026-05-30 08:00:00+00:00,2026-06-09 00:00:00+00:00,10,-1.8431413812894848,159.349,-2.7191664671065094,2026-05-15,58,-1.8431413812894848
2026-05-31 08:00:00+00:00,2026-06-10 00:00:00+00:00,10,-2.335871436770617,159.329,-2.708903952628008,2026-05-15,58,-2.335871436770617
2026-06-01 08:00:00+00:00,2026-06-11 00:00:00+00:00,10,-2.768433135641857,159.316,-3.613566619691797,2026-05-15,58,-2.768433135641857
2026-06-02 08:00:00+00:00,2026-06-12 00:00:00+00:00,10,-2.9795676296155023,159.065,-3.8544415048757017,2026-05-15,58,-2.9795676296155023
2026-06-03 08:00:00+00:00,2026-06-13 00:00:00+00:00,10,-3.0784962693706177,158.844,-3.221859720837621,2026-05-15,58,-3.0784962693706177
2026-06-04 08:00:00+00:00,2026-06-14 00:00:00+00:00,10,-2.954448058159585,158.654,-1.8015776556453975,2026-05-15,58,-2.954448058159585
2026-05-15 08:00:00+00:00,2026-05-26 00:00:00+00:00,11,1.51025827434475,157.939,1.2687687248880843,2026-05-15,57,1.51025827434475
2026-05-16 08:00:00+00:00,2026-05-27 00:00:00+00:00,11,1.3908379567629368,158.118,1.40515628344137,2026-05-15,57,1.3908379567629368
2026-05-17 08:00:00+00:00,2026-05-28 00:00:00+00:00,11,1.3942433518270434,158.142,1.3058443414005527,2026-05-15,57,1.3942433518270434
2026-05-18 08:00:00+00:00,2026-05-29 00:00:00+00:00,11,1.301130667687005,158.182,2.5890870823933247,2026-05-15,57,1.301130667687005
2026-05-19 08:00:00+00:00,2026-05-30 00:00:00+00:00,11,0.9831796441553706,158.452,2.259678734487194,2026-05-15,57,0.9831796441553706
2026-05-20 08:00:00+00:00,2026-05-31 00:00:00+00:00,11,0.7345858044767795,158.636,2.0011743952810788,2026-05-15,57,0.7345858044767795
2026-05-21 08:00:00+00:00,2026-06-01 00:00:00+00:00,11,0.5048804285441122,158.879,1.8844988669908789,2026-05-15,57,0.5048804285441122
2026-05-22 08:00:00+00:00,2026-06-02 00:00:00+00:00,11,-0.0416854792423748,159.147,1.4317034181686925,2026-05-15,57,-0.0416854792423748
2026-05-23 08:00:00+00:00,2026-06-03 00:00:00+00:00,11,-0.4313162425865471,159.305,1.4141850345620948,2026-05-15,57,-0.4313162425865471
2026-05-24 08:00:00+00:00,2026-06-04 00:00:00+00:00,11,-0.6578496269370362,159.325,1.2235046413489368,2026-05-15,57,-0.6578496269370362
2026-05-25 08:00:00+00:00,2026-06-05 00:00:00+00:00,11,-0.9904897646833888,159.348,1.0345439958122302,2026-05-15,57,-0.9904897646833888
2026-05-26 08:00:00+00:00,2026-06-06 00:00:00+00:00,11,-1.3607786493208494,159.364,0.9343053579365624,2026-05-15,57,-1.3607786493208494
2026-05-27 08:00:00+00:00,2026-06-07 00:00:00+00:00,11,-1.533267648746886,159.432,-0.5014921061414266,2026-05-15,57,-1.533267648746886
2026-05-28 08:00:00+00:00,2026-06-08 00:00:00+00:00,11,-1.6032312990243156,159.457,-0.935452492814326,2026-05-15,57,-1.6032312990243156
2026-05-29 08:00:00+00:00,2026-06-09 00:00:00+00:00,11,-1.9483432179070237,159.418,-0.877036150893816,2026-05-15,57,-1.9483432179070237
2026-05-30 08:00:00+00:00,2026-06-10 00:00:00+00:00,11,-2.3500669600153117,159.349,-3.0410282653166147,2026-05-15,57,-2.3500669600153117
2026-05-31 08:00:00+00:00,2026-06-11 00:00:00+00:00,11,-2.7747465085134877,159.329,-3.0294513906285685,2026-05-15,57,-2.7747465085134877
2026-06-01 08:00:00+00:00,2026-06-12 00:00:00+00:00,11,-3.168260952745385,159.316,-4.15864331217107,2026-05-15,57,-3.168260952745385
2026-06-02 08:00:00+00:00,2026-06-13 00:00:00+00:00,11,-3.310311842357038,159.065,-4.396732066342288,2026-05-15,57,-3.310311842357038
2026-06-03 08:00:00+00:00,2026-06-14 00:00:00+00:00,11,-3.162215419934995,158.844,-3.6176454543849568,2026-05-15,57,-3.162215419934995
2026-06-04 08:00:00+00:00,2026-06-15 00:00:00+00:00,11,-3.032121675913544,158.654,-1.970241332684286,2026-05-15,57,-3.032121675913544
2026-05-15 08:00:00+00:00,2026-05-27 00:00:00+00:00,12,1.573162425865689,157.939,1.4624921760761431,2026-05-15,56,1.573162425865689
2026-05-16 08:00:00+00:00,2026-05-28 00:00:00+00:00,12,1.4265754735029643,158.118,1.5969076098897317,2026-05-15,56,1.4265754735029643
2026-05-17 08:00:00+00:00,2026-05-29 00:00:00+00:00,12,1.349456667304338,158.142,1.5097150720986527,2026-05-15,56,1.349456667304338
2026-05-18 08:00:00+00:00,2026-05-30 00:00:00+00:00,12,1.195928831069466,158.182,2.9206064485926975,2026-05-15,56,1.195928831069466
2026-05-19 08:00:00+00:00,2026-05-31 00:00:00+00:00,12,0.968984120910676,158.452,2.4911211204366595,2026-05-15,56,0.968984120910676
2026-05-20 08:00:00+00:00,2026-06-01 00:00:00+00:00,12,0.7282724316051485,158.636,2.246134349659051,2026-05-15,56,0.7282724316051485
2026-05-21 08:00:00+00:00,2026-06-02 00:00:00+00:00,12,0.3161871054142295,158.879,2.190229674058509,2026-05-15,56,0.3161871054142295
2026-05-22 08:00:00+00:00,2026-06-03 00:00:00+00:00,12,-0.273501052228795,159.147,1.6924555660212648,2026-05-15,56,-0.273501052228795
2026-05-23 08:00:00+00:00,2026-06-04 00:00:00+00:00,12,-0.6390836043619572,159.305,1.6882069040487595,2026-05-15,56,-0.6390836043619572
2026-05-24 08:00:00+00:00,2026-06-05 00:00:00+00:00,12,-0.9656361201454048,159.325,1.4985465858864706,2026-05-15,56,-0.9656361201454048
2026-05-25 08:00:00+00:00,2026-06-06 00:00:00+00:00,12,-1.343349913908554,159.348,1.2744395145695155,2026-05-15,56,-1.343349913908554
2026-05-26 08:00:00+00:00,2026-06-07 00:00:00+00:00,12,-1.4703634972259465,159.364,1.165787264612664,2026-05-15,56,-1.4703634972259465
2026-05-27 08:00:00+00:00,2026-06-08 00:00:00+00:00,12,-1.5674937822842878,159.432,-0.4531373792264506,2026-05-15,56,-1.5674937822842878
2026-05-28 08:00:00+00:00,2026-06-09 00:00:00+00:00,12,-1.9931299024297289,159.457,-0.8702817152630815,2026-05-15,56,-1.9931299024297289
2026-05-29 08:00:00+00:00,2026-06-10 00:00:00+00:00,12,-2.4552687966328506,159.418,-0.7773997638970909,2026-05-15,56,-2.4552687966328506
2026-05-30 08:00:00+00:00,2026-06-11 00:00:00+00:00,12,-2.7889420317581823,159.349,-3.37562693838377,2026-05-15,56,-2.7889420317581823
2026-05-31 08:00:00+00:00,2026-06-12 00:00:00+00:00,12,-3.174574325617016,159.329,-3.3686981256268873,2026-05-15,56,-3.174574325617016
2026-06-01 08:00:00+00:00,2026-06-13 00:00:00+00:00,12,-3.4990051654869205,159.316,-4.7451591011762435,2026-05-15,56,-3.4990051654869205
2026-06-02 08:00:00+00:00,2026-06-14 00:00:00+00:00,12,-3.394030992921415,159.065,-4.934537482156937,2026-05-15,56,-3.394030992921415
2026-06-03 08:00:00+00:00,2026-06-15 00:00:00+00:00,12,-3.239889037688954,158.844,-3.95109972144269,2026-05-15,56,-3.239889037688954
2026-06-04 08:00:00+00:00,2026-06-16 00:00:00+00:00,12,-3.467036541036947,158.654,-2.042132989343519,2026-05-15,56,-3.467036541036947
2026-05-15 08:00:00+00:00,2026-05-28 00:00:00+00:00,13,1.6088999426057171,157.939,1.7075415518947592,2026-05-15,55,1.6088999426057171
2026-05-16 08:00:00+00:00,2026-05-29 00:00:00+00:00,13,1.3817887889802591,158.118,1.8527771402246191,2026-05-15,55,1.3817887889802591
2026-05-17 08:00:00+00:00,2026-05-30 00:00:00+00:00,13,1.244254830686799,158.142,1.73921526437804,2026-05-15,55,1.244254830686799
2026-05-18 08:00:00+00:00,2026-05-31 00:00:00+00:00,13,1.1817333078247714,158.182,3.276631125359429,2026-05-15,55,1.1817333078247714
2026-05-19 08:00:00+00:00,2026-06-01 00:00:00+00:00,13,0.9626707480390452,158.452,2.785141986282124,2026-05-15,55,0.9626707480390452
2026-05-20 08:00:00+00:00,2026-06-02 00:00:00+00:00,13,0.5395791084752659,158.636,2.5614569769746347,2026-05-15,55,0.5395791084752659
2026-05-21 08:00:00+00:00,2026-06-03 00:00:00+00:00,13,0.0843715324278093,158.879,2.6118906488540645,2026-05-15,55,0.0843715324278093
2026-05-22 08:00:00+00:00,2026-06-04 00:00:00+00:00,13,-0.4812684140042051,159.147,2.0730924456432014,2026-05-15,55,-0.4812684140042051
2026-05-23 08:00:00+00:00,2026-06-05 00:00:00+00:00,13,-0.9468700975703256,159.305,2.050145913795502,2026-05-15,55,-0.9468700975703256
2026-05-24 08:00:00+00:00,2026-06-06 00:00:00+00:00,13,-1.31849626937057,159.325,1.8359940294633303,2026-05-15,55,-1.31849626937057
2026-05-25 08:00:00+00:00,2026-06-07 00:00:00+00:00,13,-1.4529347618136512,159.348,1.595936863877471,2026-05-15,55,-1.4529347618136512
2026-05-26 08:00:00+00:00,2026-06-08 00:00:00+00:00,13,-1.5045896307633484,159.364,1.4853881412022472,2026-05-15,55,-1.5045896307633484
2026-05-27 08:00:00+00:00,2026-06-09 00:00:00+00:00,13,-1.957392385689701,159.432,-0.2893599595636198,2026-05-15,55,-1.957392385689701
2026-05-28 08:00:00+00:00,2026-06-10 00:00:00+00:00,13,-2.500055481155556,159.457,-0.6944929749407267,2026-05-15,55,-2.500055481155556
2026-05-29 08:00:00+00:00,2026-06-11 00:00:00+00:00,13,-2.8941438683757212,159.418,-0.5859922857793798,2026-05-15,55,-2.8941438683757212
2026-05-30 08:00:00+00:00,2026-06-12 00:00:00+00:00,13,-3.1887698488617104,159.349,-3.67085089596877,2026-05-15,55,-3.1887698488617104
2026-05-31 08:00:00+00:00,2026-06-13 00:00:00+00:00,13,-3.5053185383585515,159.329,-3.6543799497304943,2026-05-15,55,-3.5053185383585515
2026-06-01 08:00:00+00:00,2026-06-14 00:00:00+00:00,13,-3.582724316051298,159.316,-5.289287112179461,2026-05-15,55,-3.582724316051298
2026-06-02 08:00:00+00:00,2026-06-15 00:00:00+00:00,13,-3.471704610675374,159.065,-5.483472756881151,2026-05-15,55,-3.471704610675374
2026-06-03 08:00:00+00:00,2026-06-16 00:00:00+00:00,13,-3.674803902812357,158.844,-4.282929439452244,2026-05-15,55,-3.674803902812357
2026-06-04 08:00:00+00:00,2026-06-17 00:00:00+00:00,13,-3.81390855175053,158.654,-2.0952100584953515,2026-05-15,55,-3.81390855175053
2026-05-15 08:00:00+00:00,2026-05-29 00:00:00+00:00,14,1.5641132580830115,157.939,2.083547801778975,2026-05-15,54,1.5641132580830115
2026-05-16 08:00:00+00:00,2026-05-30 00:00:00+00:00,14,1.2765869523627202,158.118,2.2253474200063006,2026-05-15,54,1.2765869523627202
2026-05-17 08:00:00+00:00,2026-05-31 00:00:00+00:00,14,1.2300593074421045,158.142,2.0974374737406003,2026-05-15,54,1.2300593074421045
2026-05-18 08:00:00+00:00,2026-06-01 00:00:00+00:00,14,1.1754199349531405,158.182,3.814872453969619,2026-05-15,54,1.1754199349531405
2026-05-19 08:00:00+00:00,2026-06-02 00:00:00+00:00,14,0.7739774249091624,158.452,3.210605873874111,2026-05-15,54,0.7739774249091624
2026-05-20 08:00:00+00:00,2026-06-03 00:00:00+00:00,14,0.3077635354888457,158.636,2.994266228072468,2026-05-15,54,0.3077635354888457
2026-05-21 08:00:00+00:00,2026-06-04 00:00:00+00:00,14,-0.1233958293476007,158.879,3.12533059097935,2026-05-15,54,-0.1233958293476007
2026-05-22 08:00:00+00:00,2026-06-05 00:00:00+00:00,14,-0.7890549072125737,159.147,2.505578541063005,2026-05-15,54,-0.7890549072125737
2026-05-23 08:00:00+00:00,2026-06-06 00:00:00+00:00,14,-1.299730246795491,159.305,2.467523851786982,2026-05-15,54,-1.299730246795491
2026-05-24 08:00:00+00:00,2026-06-07 00:00:00+00:00,14,-1.4280811172756671,159.325,2.2491140464483,2026-05-15,54,-1.4280811172756671
2026-05-25 08:00:00+00:00,2026-06-08 00:00:00+00:00,14,-1.4871608953510531,159.348,2.00090814310721,2026-05-15,54,-1.4871608953510531
2026-05-26 08:00:00+00:00,2026-06-09 00:00:00+00:00,14,-1.8944882341687617,159.364,1.8979328283274792,2026-05-15,54,-1.8944882341687617
2026-05-27 08:00:00+00:00,2026-06-10 00:00:00+00:00,14,-2.464317964415528,159.432,-0.0745996524558876,2026-05-15,54,-2.464317964415528
2026-05-28 08:00:00+00:00,2026-06-11 00:00:00+00:00,14,-2.938930552898426,159.457,-0.4802590651132057,2026-05-15,54,-2.938930552898426
2026-05-29 08:00:00+00:00,2026-06-12 00:00:00+00:00,14,-3.2939716854792493,159.418,-0.3434712733533622,2026-05-15,54,-3.2939716854792493
2026-05-30 08:00:00+00:00,2026-06-13 00:00:00+00:00,14,-3.519514061603246,159.349,-4.018406566128806,2026-05-15,54,-3.519514061603246
2026-05-31 08:00:00+00:00,2026-06-14 00:00:00+00:00,14,-3.5890376889229287,159.329,-3.994331595142257,2026-05-15,54,-3.5890376889229287
2026-06-01 08:00:00+00:00,2026-06-15 00:00:00+00:00,14,-3.660397933805257,159.316,-5.930370749156128,2026-05-15,54,-3.660397933805257
2026-06-02 08:00:00+00:00,2026-06-16 00:00:00+00:00,14,-3.9066194757987778,159.065,-6.096071580702133,2026-05-15,54,-3.9066194757987778
2026-06-03 08:00:00+00:00,2026-06-17 00:00:00+00:00,14,-4.0216759135259394,158.844,-4.6145014195561975,2026-05-15,54,-4.0216759135259394
2026-06-04 08:00:00+00:00,2026-06-18 00:00:00+00:00,14,-4.145685861871073,158.654,-2.070815707695883,2026-05-15,54,-4.145685861871073
2026-06-05 08:00:00+00:00,2026-06-06 00:00:00+00:00,1,-0.3528601492251653,158.405,-0.1820935729828462,2026-06-05,88,-0.3528601492251653
2026-06-06 08:00:00+00:00,2026-06-07 00:00:00+00:00,1,-0.1095848479050971,158.067,-0.2137658721947967,2026-06-05,88,-0.1095848479050971
2026-06-07 08:00:00+00:00,2026-06-08 00:00:00+00:00,1,-0.0342261335374018,157.974,-0.1971935574072123,2026-06-05,88,-0.0342261335374018
2026-06-08 08:00:00+00:00,2026-06-09 00:00:00+00:00,1,-0.3898986034054132,157.882,-0.2258566363535901,2026-06-05,88,-0.3898986034054132
2026-06-09 08:00:00+00:00,2026-06-10 00:00:00+00:00,1,-0.5069255787258271,157.509,-0.2693821089648459,2026-06-05,88,-0.5069255787258271
2026-06-10 08:00:00+00:00,2026-06-11 00:00:00+00:00,1,-0.4388750717428706,157.093,-0.3449538043383456,2026-06-05,88,-0.4388750717428706
2026-06-11 08:00:00+00:00,2026-06-12 00:00:00+00:00,1,-0.3998278171035281,156.688,-0.3204078494365315,2026-06-05,88,-0.3998278171035281
2026-06-12 08:00:00+00:00,2026-06-13 00:00:00+00:00,1,-0.3307442127415356,156.341,-0.35213683455871,2026-06-05,88,-0.3307442127415356
2026-06-13 08:00:00+00:00,2026-06-14 00:00:00+00:00,1,-0.0837191505643772,156.021,-0.3681340732187989,2026-06-05,88,-0.0837191505643772
2026-06-14 08:00:00+00:00,2026-06-15 00:00:00+00:00,1,-0.0776736177539589,155.928,-0.3452796297528254,2026-06-05,88,-0.0776736177539589
2026-06-15 08:00:00+00:00,2026-06-16 00:00:00+00:00,1,-0.4349148651234031,155.859,-0.3798031929451672,2026-06-05,88,-0.4349148651234031
2026-06-16 08:00:00+00:00,2026-06-17 00:00:00+00:00,1,-0.3468720107135823,155.443,-0.4847450135889535,2026-06-05,88,-0.3468720107135823
2026-06-17 08:00:00+00:00,2026-06-18 00:00:00+00:00,1,-0.3317773101205432,155.105,-0.4986443759954551,2026-06-05,88,-0.3317773101205432
2026-06-18 08:00:00+00:00,2026-06-19 00:00:00+00:00,1,-0.3044384924430687,154.731,-0.4576852220581018,2026-06-05,88,-0.3044384924430687
2026-06-19 08:00:00+00:00,2026-06-20 00:00:00+00:00,1,-0.5750736560168264,154.431,-0.3777748973584699,2026-06-05,88,-0.5750736560168264
2026-06-20 08:00:00+00:00,2026-06-21 00:00:00+00:00,1,-0.2034053950641237,153.947,-0.4104595470017119,2026-06-05,88,-0.2034053950641237
2026-06-21 08:00:00+00:00,2026-06-22 00:00:00+00:00,1,-0.1054907212549949,153.775,-0.3857241378287476,2026-06-05,88,-0.1054907212549949
2026-06-22 08:00:00+00:00,2026-06-23 00:00:00+00:00,1,-0.4528410177922239,153.676,-0.3704367492246346,2026-06-05,88,-0.4528410177922239
2026-06-23 08:00:00+00:00,2026-06-24 00:00:00+00:00,1,-0.5446910273579704,153.171,-0.3911218829463477,2026-06-05,88,-0.5446910273579704
2026-06-24 08:00:00+00:00,2026-06-25 00:00:00+00:00,1,-0.4023990816911862,152.682,-0.3146882596201176,2026-06-05,88,-0.4023990816911862
2026-06-25 08:00:00+00:00,2026-06-26 00:00:00+00:00,1,-0.3555576812703407,152.32,-0.3048096292931814,2026-06-05,88,-0.3555576812703407
2026-06-05 08:00:00+00:00,2026-06-07 00:00:00+00:00,2,-0.4624449971302624,158.405,-0.3621666515645336,2026-06-05,87,-0.4624449971302624
2026-06-06 08:00:00+00:00,2026-06-08 00:00:00+00:00,2,-0.143810981442499,158.067,-0.4185683749942113,2026-06-05,87,-0.143810981442499
2026-06-07 08:00:00+00:00,2026-06-09 00:00:00+00:00,2,-0.4241247369428151,157.974,-0.4145627595654426,2026-06-05,87,-0.4241247369428151
2026-06-08 08:00:00+00:00,2026-06-10 00:00:00+00:00,2,-0.8968241821312404,157.882,-0.4545240731389558,2026-06-05,87,-0.8968241821312404
2026-06-09 08:00:00+00:00,2026-06-11 00:00:00+00:00,2,-0.9458006504686978,157.509,-0.5126121441561473,2026-06-05,87,-0.9458006504686978
2026-06-10 08:00:00+00:00,2026-06-12 00:00:00+00:00,2,-0.8387028888463988,157.093,-0.6790686265391284,2026-06-05,87,-0.8387028888463988
2026-06-11 08:00:00+00:00,2026-06-13 00:00:00+00:00,2,-0.7305720298450638,156.688,-0.6235507258459199,2026-06-05,87,-0.7305720298450638
2026-06-12 08:00:00+00:00,2026-06-14 00:00:00+00:00,2,-0.4144633633059129,156.341,-0.6803633247510474,2026-06-05,87,-0.4144633633059129
2026-06-13 08:00:00+00:00,2026-06-15 00:00:00+00:00,2,-0.1613927683183362,156.021,-0.7191266866203383,2026-06-05,87,-0.1613927683183362
2026-06-14 08:00:00+00:00,2026-06-16 00:00:00+00:00,2,-0.5125884828773621,155.928,-0.6983950932211052,2026-06-05,87,-0.5125884828773621
2026-06-15 08:00:00+00:00,2026-06-17 00:00:00+00:00,2,-0.7817868758369855,155.859,-0.7785576011586339,2026-06-05,87,-0.7817868758369855
2026-06-16 08:00:00+00:00,2026-06-18 00:00:00+00:00,2,-0.6786493208341255,155.443,-0.9625458342173864,2026-06-05,87,-0.6786493208341255
2026-06-17 08:00:00+00:00,2026-06-19 00:00:00+00:00,2,-0.636215802563612,155.105,-0.9970758475663828,2026-06-05,87,-0.636215802563612
2026-06-18 08:00:00+00:00,2026-06-20 00:00:00+00:00,2,-0.8795121484598951,154.731,-0.9165659527992176,2026-06-05,87,-0.8795121484598951
2026-06-19 08:00:00+00:00,2026-06-21 00:00:00+00:00,2,-0.7784790510809501,154.431,-0.7560113414638863,2026-06-05,87,-0.7784790510809501
2026-06-20 08:00:00+00:00,2026-06-22 00:00:00+00:00,2,-0.3088961163191186,153.947,-0.8038415002413819,2026-06-05,87,-0.3088961163191186
2026-06-21 08:00:00+00:00,2026-06-23 00:00:00+00:00,2,-0.5583317390472189,153.775,-0.7908779372310311,2026-06-05,87,-0.5583317390472189
2026-06-22 08:00:00+00:00,2026-06-24 00:00:00+00:00,2,-0.9975320451501944,153.676,-0.766066321156406,2026-06-05,87,-0.9975320451501944
2026-06-23 08:00:00+00:00,2026-06-25 00:00:00+00:00,2,-0.9470901090491566,153.171,-0.7446248236824633,2026-06-05,87,-0.9470901090491566
2026-06-24 08:00:00+00:00,2026-06-26 00:00:00+00:00,2,-0.7579567629615269,152.682,-0.5880090601650307,2026-06-05,87,-0.7579567629615269
2026-06-25 08:00:00+00:00,2026-06-27 00:00:00+00:00,2,-0.614482494738894,152.32,-0.5736014207402123,2026-06-05,87,-0.614482494738894
2026-06-05 08:00:00+00:00,2026-06-08 00:00:00+00:00,3,-0.4966711306676643,158.405,-0.5935610351511249,2026-06-05,86,-0.4966711306676643
2026-06-06 08:00:00+00:00,2026-06-09 00:00:00+00:00,3,-0.5337095848479123,158.067,-0.6758508117934059,2026-06-05,86,-0.5337095848479123
2026-06-07 08:00:00+00:00,2026-06-10 00:00:00+00:00,3,-0.9310503156686424,157.974,-0.655932034968751,2026-06-05,86,-0.9310503156686424
2026-06-08 08:00:00+00:00,2026-06-11 00:00:00+00:00,3,-1.335699253874111,157.882,-0.7274103517962445,2026-06-05,86,-1.335699253874111
2026-06-09 08:00:00+00:00,2026-06-12 00:00:00+00:00,3,-1.345628467572226,157.509,-0.8218898018519032,2026-06-05,86,-1.345628467572226
2026-06-10 08:00:00+00:00,2026-06-13 00:00:00+00:00,3,-1.1694471015879344,157.093,-1.0506549395186344,2026-06-05,86,-1.1694471015879344
2026-06-11 08:00:00+00:00,2026-06-14 00:00:00+00:00,3,-0.814291180409441,156.688,-0.942027066407007,2026-06-05,86,-0.814291180409441
2026-06-12 08:00:00+00:00,2026-06-15 00:00:00+00:00,3,-0.4921369810598719,156.341,-1.0231035837886644,2026-06-05,86,-0.4921369810598719
2026-06-13 08:00:00+00:00,2026-06-16 00:00:00+00:00,3,-0.5963076334417394,156.021,-1.0735206869671952,2026-06-05,86,-0.5963076334417394
2026-06-14 08:00:00+00:00,2026-06-17 00:00:00+00:00,3,-0.8594604935909445,155.928,-1.0326910788428807,2026-06-05,86,-0.8594604935909445
2026-06-15 08:00:00+00:00,2026-06-18 00:00:00+00:00,3,-1.1135641859575287,155.859,-1.1605470403100018,2026-06-05,86,-1.1135641859575287
2026-06-16 08:00:00+00:00,2026-06-19 00:00:00+00:00,3,-0.9830878132771944,155.443,-1.467216047885859,2026-06-05,86,-0.9830878132771944
2026-06-17 08:00:00+00:00,2026-06-20 00:00:00+00:00,3,-1.2112894585804383,155.105,-1.5191298681958174,2026-06-05,86,-1.2112894585804383
2026-06-18 08:00:00+00:00,2026-06-21 00:00:00+00:00,3,-1.0829175435240188,154.731,-1.391590673116581,2026-06-05,86,-1.0829175435240188
2026-06-19 08:00:00+00:00,2026-06-22 00:00:00+00:00,3,-0.883969772335945,154.431,-1.126790976878097,2026-06-05,86,-0.883969772335945
2026-06-20 08:00:00+00:00,2026-06-23 00:00:00+00:00,3,-0.7617371341113426,153.947,-1.201628795205408,2026-06-05,86,-0.7617371341113426
2026-06-21 08:00:00+00:00,2026-06-24 00:00:00+00:00,3,-1.1030227664051893,153.775,-1.165600646092391,2026-06-05,86,-1.1030227664051893
2026-06-22 08:00:00+00:00,2026-06-25 00:00:00+00:00,3,-1.3999311268413803,153.676,-1.128730574917412,2026-06-05,86,-1.3999311268413803
2026-06-23 08:00:00+00:00,2026-06-26 00:00:00+00:00,3,-1.3026477903194973,153.171,-1.141856360227052,2026-06-05,86,-1.3026477903194973
2026-06-24 08:00:00+00:00,2026-06-27 00:00:00+00:00,3,-1.0168815764300805,152.682,-0.8959882093940732,2026-06-05,86,-1.0168815764300805
2026-06-25 08:00:00+00:00,2026-06-28 00:00:00+00:00,3,-0.6999234742682461,152.32,-0.8628757808038858,2026-06-05,86,-0.6999234742682461
2026-06-05 08:00:00+00:00,2026-06-09 00:00:00+00:00,4,-0.8865697340730776,158.405,-0.857087881709126,2026-06-05,85,-0.8865697340730776
2026-06-06 08:00:00+00:00,2026-06-10 00:00:00+00:00,4,-1.0406351635737394,158.067,-0.96593668770667,2026-06-05,85,-1.0406351635737394
2026-06-07 08:00:00+00:00,2026-06-11 00:00:00+00:00,4,-1.369925387411513,157.974,-0.9120604366476872,2026-06-05,85,-1.369925387411513
2026-06-08 08:00:00+00:00,2026-06-12 00:00:00+00:00,4,-1.7355270709776391,157.882,-1.024814364242518,2026-06-05,85,-1.7355270709776391
2026-06-09 08:00:00+00:00,2026-06-13 00:00:00+00:00,4,-1.6763726803137615,157.509,-1.1652178601100496,2026-06-05,85,-1.6763726803137615
2026-06-10 08:00:00+00:00,2026-06-14 00:00:00+00:00,4,-1.2531662521523117,157.093,-1.4283195799730977,2026-06-05,85,-1.2531662521523117
2026-06-11 08:00:00+00:00,2026-06-15 00:00:00+00:00,4,-0.8919647981634,156.688,-1.251448407875857,2026-06-05,85,-0.8919647981634
2026-06-12 08:00:00+00:00,2026-06-16 00:00:00+00:00,4,-0.9270518461832752,156.341,-1.3547539652808709,2026-06-05,85,-0.9270518461832752
2026-06-13 08:00:00+00:00,2026-06-17 00:00:00+00:00,4,-0.9431796441553216,156.021,-1.409812010334344,2026-06-05,85,-0.9431796441553216
2026-06-14 08:00:00+00:00,2026-06-18 00:00:00+00:00,4,-1.1912378037114877,155.928,-1.3347574047384474,2026-06-05,85,-1.1912378037114877
2026-06-15 08:00:00+00:00,2026-06-19 00:00:00+00:00,4,-1.4180026784005977,155.859,-1.508343716672222,2026-06-05,85,-1.4180026784005977
2026-06-16 08:00:00+00:00,2026-06-20 00:00:00+00:00,4,-1.5581614692940209,155.443,-1.9502322533081464,2026-06-05,85,-1.5581614692940209
2026-06-17 08:00:00+00:00,2026-06-21 00:00:00+00:00,4,-1.414694853644562,155.105,-2.0143796510106977,2026-06-05,85,-1.414694853644562
2026-06-18 08:00:00+00:00,2026-06-22 00:00:00+00:00,4,-1.1884082647790135,154.731,-1.8338616338763836,2026-06-05,85,-1.1884082647790135
2026-06-19 08:00:00+00:00,2026-06-23 00:00:00+00:00,4,-1.336810790128169,154.431,-1.460081452518872,2026-06-05,85,-1.336810790128169
2026-06-20 08:00:00+00:00,2026-06-24 00:00:00+00:00,4,-1.306428161469313,153.947,-1.569495429567506,2026-06-05,85,-1.306428161469313
2026-06-21 08:00:00+00:00,2026-06-25 00:00:00+00:00,4,-1.5054218480963757,153.775,-1.4883339907881887,2026-06-05,85,-1.5054218480963757
2026-06-22 08:00:00+00:00,2026-06-26 00:00:00+00:00,4,-1.7554888081117213,153.676,-1.4377241463957011,2026-06-05,85,-1.7554888081117213
2026-06-23 08:00:00+00:00,2026-06-27 00:00:00+00:00,4,-1.5615726037880506,153.171,-1.5465005740761797,2026-06-05,85,-1.5615726037880506
2026-06-24 08:00:00+00:00,2026-06-28 00:00:00+00:00,4,-1.1023225559594323,152.682,-1.2153989778492371,2026-06-05,85,-1.1023225559594323
2026-06-25 08:00:00+00:00,2026-06-29 00:00:00+00:00,4,-0.725559594413653,152.32,-1.1445206836264212,2026-06-05,85,-0.725559594413653
2026-06-05 08:00:00+00:00,2026-06-10 00:00:00+00:00,5,-1.3934953127989047,158.405,-1.1280216929397338,2026-06-05,84,-1.3934953127989047
2026-06-06 08:00:00+00:00,2026-06-11 00:00:00+00:00,5,-1.47951023531661,158.067,-1.2551316060795628,2026-06-05,84,-1.47951023531661
2026-06-07 08:00:00+00:00,2026-06-12 00:00:00+00:00,5,-1.769753204515041,157.974,-1.183804711783388,2026-06-05,84,-1.769753204515041
2026-06-08 08:00:00+00:00,2026-06-13 00:00:00+00:00,5,-2.066271283719175,157.882,-1.3550256037939197,2026-06-05,84,-2.066271283719175
2026-06-09 08:00:00+00:00,2026-06-14 00:00:00+00:00,5,-1.7600918308781388,157.509,-1.5273051382840344,2026-06-05,84,-1.7600918308781388
2026-06-10 08:00:00+00:00,2026-06-15 00:00:00+00:00,5,-1.330839869906271,157.093,-1.8282062722693329,2026-06-05,84,-1.330839869906271
2026-06-11 08:00:00+00:00,2026-06-16 00:00:00+00:00,5,-1.3268796632868032,156.688,-1.5727757002600884,2026-06-05,84,-1.3268796632868032
2026-06-12 08:00:00+00:00,2026-06-17 00:00:00+00:00,5,-1.2739238568968574,156.341,-1.7089162536874694,2026-06-05,84,-1.2739238568968574
2026-06-13 08:00:00+00:00,2026-06-18 00:00:00+00:00,5,-1.274956954275865,156.021,-1.767459212467897,2026-06-05,84,-1.274956954275865
2026-06-14 08:00:00+00:00,2026-06-19 00:00:00+00:00,5,-1.4956762961545564,155.928,-1.6754275938462757,2026-06-05,84,-1.4956762961545564
2026-06-15 08:00:00+00:00,2026-06-20 00:00:00+00:00,5,-1.993076334417424,155.859,-1.9087490939091865,2026-06-05,84,-1.993076334417424
2026-06-16 08:00:00+00:00,2026-06-21 00:00:00+00:00,5,-1.7615668643581444,155.443,-2.4991903537378093,2026-06-05,84,-1.7615668643581444
2026-06-17 08:00:00+00:00,2026-06-22 00:00:00+00:00,5,-1.520185574899557,155.105,-2.5905998668694226,2026-06-05,84,-1.520185574899557
2026-06-18 08:00:00+00:00,2026-06-23 00:00:00+00:00,5,-1.6412492825712377,154.731,-2.348921977990509,2026-06-05,84,-1.6412492825712377
2026-06-19 08:00:00+00:00,2026-06-24 00:00:00+00:00,5,-1.881501817486139,154.431,-1.8384882207464488,2026-06-05,84,-1.881501817486139
2026-06-20 08:00:00+00:00,2026-06-25 00:00:00+00:00,5,-1.7088272431604992,153.947,-1.966294214361028,2026-06-05,84,-1.7088272431604992
2026-06-21 08:00:00+00:00,2026-06-26 00:00:00+00:00,5,-1.860979529366716,153.775,-1.8614598646667055,2026-06-05,84,-1.860979529366716
2026-06-22 08:00:00+00:00,2026-06-27 00:00:00+00:00,5,-2.0144136215802746,153.676,-1.8048995107874544,2026-06-05,84,-2.0144136215802746
2026-06-23 08:00:00+00:00,2026-06-28 00:00:00+00:00,5,-1.6470135833174029,153.171,-1.975178101431305,2026-06-05,84,-1.6470135833174029
2026-06-24 08:00:00+00:00,2026-06-29 00:00:00+00:00,5,-1.1279586761048392,152.682,-1.5331252563531887,2026-06-05,84,-1.1279586761048392
2026-06-25 08:00:00+00:00,2026-06-30 00:00:00+00:00,5,-0.9450736560168592,152.32,-1.450099807865363,2026-06-05,84,-0.9450736560168592
2026-06-05 08:00:00+00:00,2026-06-11 00:00:00+00:00,6,-1.8323703845417751,158.405,-1.4213010191913586,2026-06-05,83,-1.8323703845417751
2026-06-06 08:00:00+00:00,2026-06-12 00:00:00+00:00,6,-1.8793380524201384,158.067,-1.5647142721100178,2026-06-05,83,-1.8793380524201384
2026-06-07 08:00:00+00:00,2026-06-13 00:00:00+00:00,6,-2.1004974172565767,157.974,-1.493329044582086,2026-06-05,83,-2.1004974172565767
2026-06-08 08:00:00+00:00,2026-06-14 00:00:00+00:00,6,-2.149990434283552,157.882,-1.7051920545082548,2026-06-05,83,-2.149990434283552
2026-06-09 08:00:00+00:00,2026-06-15 00:00:00+00:00,6,-1.8377654486320976,157.509,-1.8873256538422771,2026-06-05,83,-1.8377654486320976
2026-06-10 08:00:00+00:00,2026-06-16 00:00:00+00:00,6,-1.7657547350296738,157.093,-2.224676963539248,2026-06-05,83,-1.7657547350296738
2026-06-11 08:00:00+00:00,2026-06-17 00:00:00+00:00,6,-1.6737516740003855,156.688,-1.8784302081035833,2026-06-05,83,-1.6737516740003855
2026-06-12 08:00:00+00:00,2026-06-18 00:00:00+00:00,6,-1.6057011670174006,156.341,-2.0428282026441167,2026-06-05,83,-1.6057011670174006
2026-06-13 08:00:00+00:00,2026-06-19 00:00:00+00:00,6,-1.5793954467189335,156.021,-2.111902605247905,2026-06-05,83,-1.5793954467189335
2026-06-14 08:00:00+00:00,2026-06-20 00:00:00+00:00,6,-2.070749952171383,155.928,-2.0157784252362063,2026-06-05,83,-2.070749952171383
2026-06-15 08:00:00+00:00,2026-06-21 00:00:00+00:00,6,-2.1964817294815475,155.859,-2.3057181854778133,2026-06-05,83,-2.1964817294815475
2026-06-16 08:00:00+00:00,2026-06-22 00:00:00+00:00,6,-1.8670575856131393,155.443,-3.0283292803910875,2026-06-05,83,-1.8670575856131393
2026-06-17 08:00:00+00:00,2026-06-23 00:00:00+00:00,6,-1.973026592691781,155.105,-3.1530766382398756,2026-06-05,83,-1.973026592691781
2026-06-18 08:00:00+00:00,2026-06-24 00:00:00+00:00,6,-2.185940309929208,154.731,-2.8607343864244257,2026-06-05,83,-2.185940309929208
2026-06-19 08:00:00+00:00,2026-06-25 00:00:00+00:00,6,-2.2839008991773255,154.431,-2.215743248209879,2026-06-05,83,-2.2839008991773255
2026-06-20 08:00:00+00:00,2026-06-26 00:00:00+00:00,6,-2.06438492443084,153.947,-2.35532831126853,2026-06-05,83,-2.06438492443084
2026-06-21 08:00:00+00:00,2026-06-27 00:00:00+00:00,6,-2.1199043428352695,153.775,-2.2481789618927115,2026-06-05,83,-2.1199043428352695
2026-06-22 08:00:00+00:00,2026-06-28 00:00:00+00:00,6,-2.099854601109626,153.676,-2.186126441726472,2026-06-05,83,-2.099854601109626
2026-06-23 08:00:00+00:00,2026-06-29 00:00:00+00:00,6,-1.6726497034628096,153.171,-2.376595600382479,2026-06-05,83,-1.6726497034628096
2026-06-24 08:00:00+00:00,2026-06-30 00:00:00+00:00,6,-1.3474727377080455,152.682,-1.8303437006429453,2026-06-05,83,-1.3474727377080455
2026-06-25 08:00:00+00:00,2026-07-01 00:00:00+00:00,6,-1.1139276831835048,152.32,-1.7393917264305816,2026-06-05,83,-1.1139276831835048
2026-06-05 08:00:00+00:00,2026-06-12 00:00:00+00:00,7,-2.2321982016453035,158.405,-1.690718045285877,2026-06-05,82,-2.2321982016453035
2026-06-06 08:00:00+00:00,2026-06-13 00:00:00+00:00,7,-2.210082265161674,158.067,-1.8608863604779693,2026-06-05,82,-2.210082265161674
2026-06-07 08:00:00+00:00,2026-06-14 00:00:00+00:00,7,-2.184216567820954,157.974,-1.7669088448622248,2026-06-05,82,-2.184216567820954
2026-06-08 08:00:00+00:00,2026-06-15 00:00:00+00:00,7,-2.227664052037511,157.882,-2.010135682966241,2026-06-05,82,-2.227664052037511
2026-06-09 08:00:00+00:00,2026-06-16 00:00:00+00:00,7,-2.272680313755501,157.509,-2.2131969072231295,2026-06-05,82,-2.272680313755501
2026-06-10 08:00:00+00:00,2026-06-17 00:00:00+00:00,7,-2.112626745743256,157.093,-2.545350642027725,2026-06-05,82,-2.112626745743256
2026-06-11 08:00:00+00:00,2026-06-18 00:00:00+00:00,7,-2.0055289841209287,156.688,-2.1106168589904737,2026-06-05,82,-2.0055289841209287
2026-06-12 08:00:00+00:00,2026-06-19 00:00:00+00:00,7,-1.9101396594604696,156.341,-2.306655719866102,2026-06-05,82,-1.9101396594604696
2026-06-13 08:00:00+00:00,2026-06-20 00:00:00+00:00,7,-2.15446910273576,156.021,-2.3882302075141624,2026-06-05,82,-2.15446910273576
2026-06-14 08:00:00+00:00,2026-06-21 00:00:00+00:00,7,-2.2741553472355065,155.928,-2.263793632071099,2026-06-05,82,-2.2741553472355065
2026-06-15 08:00:00+00:00,2026-06-22 00:00:00+00:00,7,-2.3019724507365424,155.859,-2.5659821443353863,2026-06-05,82,-2.3019724507365424
2026-06-16 08:00:00+00:00,2026-06-23 00:00:00+00:00,7,-2.3198986034053632,155.443,-3.418542138430168,2026-06-05,82,-2.3198986034053632
2026-06-17 08:00:00+00:00,2026-06-24 00:00:00+00:00,7,-2.5177176200497513,155.105,-3.5726588274853626,2026-06-05,82,-2.5177176200497513
2026-06-18 08:00:00+00:00,2026-06-25 00:00:00+00:00,7,-2.5883393916203943,154.731,-3.26171251578016,2026-06-05,82,-2.5883393916203943
2026-06-19 08:00:00+00:00,2026-06-26 00:00:00+00:00,7,-2.6394585804476662,154.431,-2.511384901685025,2026-06-05,82,-2.6394585804476662
2026-06-20 08:00:00+00:00,2026-06-27 00:00:00+00:00,7,-2.323309737899393,153.947,-2.685582844676281,2026-06-05,82,-2.323309737899393
2026-06-21 08:00:00+00:00,2026-06-28 00:00:00+00:00,7,-2.2053453223646216,153.775,-2.5468637823688187,2026-06-05,82,-2.2053453223646216
2026-06-22 08:00:00+00:00,2026-06-29 00:00:00+00:00,7,-2.1254907212550336,153.676,-2.467628740708535,2026-06-05,82,-2.1254907212550336
2026-06-23 08:00:00+00:00,2026-06-30 00:00:00+00:00,7,-1.892163765066016,153.171,-2.711747132864776,2026-06-05,82,-1.892163765066016
2026-06-24 08:00:00+00:00,2026-07-01 00:00:00+00:00,7,-1.516326764874691,152.682,-2.103262392652958,2026-06-05,82,-1.516326764874691
2026-06-25 08:00:00+00:00,2026-07-02 00:00:00+00:00,7,-1.3008226516166417,152.32,-2.0083040406417574,2026-06-05,82,-1.3008226516166417
2026-06-05 08:00:00+00:00,2026-06-13 00:00:00+00:00,8,-2.562942414386839,158.405,-1.9615910881798049,2026-06-05,81,-2.562942414386839
2026-06-06 08:00:00+00:00,2026-06-14 00:00:00+00:00,8,-2.293801415726051,158.067,-2.148613196010218,2026-06-05,81,-2.293801415726051
2026-06-07 08:00:00+00:00,2026-06-15 00:00:00+00:00,8,-2.261890185574913,157.974,-2.053148486353086,2026-06-05,81,-2.261890185574913
2026-06-08 08:00:00+00:00,2026-06-16 00:00:00+00:00,8,-2.662578917160914,157.882,-2.351437421526404,2026-06-05,81,-2.662578917160914
2026-06-09 08:00:00+00:00,2026-06-17 00:00:00+00:00,8,-2.6195523244690833,157.509,-2.547714318009982,2026-06-05,81,-2.6195523244690833
2026-06-10 08:00:00+00:00,2026-06-18 00:00:00+00:00,8,-2.4444040558637994,157.093,-2.8466058769299245,2026-06-05,81,-2.4444040558637994
2026-06-11 08:00:00+00:00,2026-06-19 00:00:00+00:00,8,-2.3099674765639975,156.688,-2.3103984578864667,2026-06-05,81,-2.3099674765639975
2026-06-12 08:00:00+00:00,2026-06-20 00:00:00+00:00,8,-2.4852133154772957,156.341,-2.5569412652276755,2026-06-05,81,-2.4852133154772957
2026-06-13 08:00:00+00:00,2026-06-21 00:00:00+00:00,8,-2.357874497799884,156.021,-2.649503324186141,2026-06-05,81,-2.357874497799884
2026-06-14 08:00:00+00:00,2026-06-22 00:00:00+00:00,8,-2.3796460684905014,155.928,-2.519090189867086,2026-06-05,81,-2.3796460684905014
2026-06-15 08:00:00+00:00,2026-06-23 00:00:00+00:00,8,-2.7548134685287664,155.859,-2.836496453600025,2026-06-05,81,-2.7548134685287664
2026-06-16 08:00:00+00:00,2026-06-24 00:00:00+00:00,8,-2.8645896307633336,155.443,-3.8039677661857567,2026-06-05,81,-2.8645896307633336
2026-06-17 08:00:00+00:00,2026-06-25 00:00:00+00:00,8,-2.9201167017409375,155.105,-4.004544834640795,2026-06-05,81,-2.9201167017409375
2026-06-18 08:00:00+00:00,2026-06-26 00:00:00+00:00,8,-2.943897072890735,154.731,-3.666532218152547,2026-06-05,81,-2.943897072890735
2026-06-19 08:00:00+00:00,2026-06-27 00:00:00+00:00,8,-2.8983833939162196,154.431,-2.7989821001671,2026-06-05,81,-2.8983833939162196
2026-06-20 08:00:00+00:00,2026-06-28 00:00:00+00:00,8,-2.4087507174287452,153.947,-2.986904814426852,2026-06-05,81,-2.4087507174287452
2026-06-21 08:00:00+00:00,2026-06-29 00:00:00+00:00,8,-2.2309814425100285,153.775,-2.843997820412638,2026-06-05,81,-2.2309814425100285
2026-06-22 08:00:00+00:00,2026-06-30 00:00:00+00:00,8,-2.34500478285824,153.676,-2.757996853791509,2026-06-05,81,-2.34500478285824
2026-06-23 08:00:00+00:00,2026-07-01 00:00:00+00:00,8,-2.0610177922326613,153.171,-3.0403041689154335,2026-06-05,81,-2.0610177922326613
2026-06-24 08:00:00+00:00,2026-07-02 00:00:00+00:00,8,-1.703221733307828,152.682,-2.3614523353715446,2026-06-05,81,-1.703221733307828
2026-06-25 08:00:00+00:00,2026-07-03 00:00:00+00:00,8,-1.4716280849436032,152.32,-2.2853085793793735,2026-06-05,81,-1.4716280849436032
2026-06-05 08:00:00+00:00,2026-06-14 00:00:00+00:00,9,-2.6466615649512164,158.405,-2.2149505002173555,2026-06-05,80,-2.6466615649512164
2026-06-06 08:00:00+00:00,2026-06-15 00:00:00+00:00,9,-2.37147503348001,158.067,-2.4309399321386813,2026-06-05,80,-2.37147503348001
2026-06-07 08:00:00+00:00,2026-06-16 00:00:00+00:00,9,-2.696805050698316,157.974,-2.2999064670176397,2026-06-05,80,-2.696805050698316
2026-06-08 08:00:00+00:00,2026-06-17 00:00:00+00:00,9,-3.0094509278744965,157.882,-2.641545578671635,2026-06-05,80,-3.0094509278744965
2026-06-09 08:00:00+00:00,2026-06-18 00:00:00+00:00,9,-2.9513296345896265,157.509,-2.861293153214776,2026-06-05,80,-2.9513296345896265
2026-06-10 08:00:00+00:00,2026-06-19 00:00:00+00:00,9,-2.748842548306868,157.093,-3.105963820734014,2026-06-05,80,-2.748842548306868
2026-06-11 08:00:00+00:00,2026-06-20 00:00:00+00:00,9,-2.885041132580824,156.688,-2.4736462559202828,2026-06-05,80,-2.885041132580824
2026-06-12 08:00:00+00:00,2026-06-21 00:00:00+00:00,9,-2.688618710541419,156.341,-2.764223866419248,2026-06-05,80,-2.688618710541419
2026-06-13 08:00:00+00:00,2026-06-22 00:00:00+00:00,9,-2.4633652190548787,156.021,-2.866464856701792,2026-06-05,80,-2.4633652190548787
2026-06-14 08:00:00+00:00,2026-06-23 00:00:00+00:00,9,-2.8324870862827254,155.928,-2.696124480214692,2026-06-05,80,-2.8324870862827254
2026-06-15 08:00:00+00:00,2026-06-24 00:00:00+00:00,9,-3.2995044958867368,155.859,-2.993701086091495,2026-06-05,80,-3.2995044958867368
2026-06-16 08:00:00+00:00,2026-06-25 00:00:00+00:00,9,-3.26698871245452,155.443,-4.104231134505707,2026-06-05,80,-3.26698871245452
2026-06-17 08:00:00+00:00,2026-06-26 00:00:00+00:00,9,-3.2756743830112782,155.105,-4.342291689589799,2026-06-05,80,-3.2756743830112782
2026-06-18 08:00:00+00:00,2026-06-27 00:00:00+00:00,9,-3.2028218863592883,154.731,-4.010184066000826,2026-06-05,80,-3.2028218863592883
2026-06-19 08:00:00+00:00,2026-06-28 00:00:00+00:00,9,-2.9838243734455716,154.431,-3.0414501182136098,2026-06-05,80,-2.9838243734455716
2026-06-20 08:00:00+00:00,2026-06-29 00:00:00+00:00,9,-2.434386837574152,153.947,-3.27225488001071,2026-06-05,80,-2.434386837574152
2026-06-21 08:00:00+00:00,2026-06-30 00:00:00+00:00,9,-2.450495504113235,153.775,-3.081578479735465,2026-06-05,80,-2.450495504113235
2026-06-22 08:00:00+00:00,2026-07-01 00:00:00+00:00,9,-2.5138588100248853,153.676,-2.975047886998446,2026-06-05,80,-2.5138588100248853
2026-06-23 08:00:00+00:00,2026-07-02 00:00:00+00:00,9,-2.2479127606657983,153.171,-3.333573113501882,2026-06-05,80,-2.2479127606657983
2026-06-24 08:00:00+00:00,2026-07-03 00:00:00+00:00,9,-1.8740271666347896,152.682,-2.6135259285985333,2026-06-05,80,-1.8740271666347896
2026-06-25 08:00:00+00:00,2026-07-04 00:00:00+00:00,9,-1.6531279892864177,152.32,-2.557637653738947,2026-06-05,80,-1.6531279892864177
2026-06-05 08:00:00+00:00,2026-06-15 00:00:00+00:00,10,-2.7243351827051754,158.405,-2.4438272967137906,2026-06-05,79,-2.7243351827051754
2026-06-06 08:00:00+00:00,2026-06-16 00:00:00+00:00,10,-2.8063898986034133,158.067,-2.687218222037821,2026-06-05,79,-2.8063898986034133
2026-06-07 08:00:00+00:00,2026-06-17 00:00:00+00:00,10,-3.0436770614118984,157.974,-2.520449533779216,2026-06-05,79,-3.0436770614118984
2026-06-08 08:00:00+00:00,2026-06-18 00:00:00+00:00,10,-3.34122823799504,157.882,-2.89367156822891,2026-06-05,79,-3.34122823799504
2026-06-09 08:00:00+00:00,2026-06-19 00:00:00+00:00,10,-3.2557681270326952,157.509,-3.129060168184909,2026-06-05,79,-3.2557681270326952
2026-06-10 08:00:00+00:00,2026-06-20 00:00:00+00:00,10,-3.3239162043236945,157.093,-3.301992239487069,2026-06-05,79,-3.3239162043236945
2026-06-11 08:00:00+00:00,2026-06-21 00:00:00+00:00,10,-3.0884465276449475,156.688,-2.5639794595356107,2026-06-05,79,-3.0884465276449475
2026-06-12 08:00:00+00:00,2026-06-22 00:00:00+00:00,10,-2.7941094317964144,156.341,-2.8901665420849683,2026-06-05,79,-2.7941094317964144
2026-06-13 08:00:00+00:00,2026-06-23 00:00:00+00:00,10,-2.9162062368471027,156.021,-3.002048271541646,2026-06-05,79,-2.9162062368471027
2026-06-14 08:00:00+00:00,2026-06-24 00:00:00+00:00,10,-3.377178113640696,155.928,-2.7910683650617005,2026-06-05,79,-3.377178113640696
2026-06-15 08:00:00+00:00,2026-06-25 00:00:00+00:00,10,-3.701903577577923,155.859,-3.0609160582920105,2026-06-05,79,-3.701903577577923
2026-06-16 08:00:00+00:00,2026-06-26 00:00:00+00:00,10,-3.622546393724861,155.443,-4.30394558960954,2026-06-05,79,-3.622546393724861
2026-06-17 08:00:00+00:00,2026-06-27 00:00:00+00:00,10,-3.5345991964798316,155.105,-4.577306601125304,2026-06-05,79,-3.5345991964798316
2026-06-18 08:00:00+00:00,2026-06-28 00:00:00+00:00,10,-3.2882628658886404,154.731,-4.2608988944895625,2026-06-05,79,-3.2882628658886404
2026-06-19 08:00:00+00:00,2026-06-29 00:00:00+00:00,10,-3.0094604935909786,154.431,-3.19957652384359,2026-06-05,79,-3.0094604935909786
2026-06-20 08:00:00+00:00,2026-06-30 00:00:00+00:00,10,-2.6539008991773585,153.947,-3.4736957352534312,2026-06-05,79,-2.6539008991773585
2026-06-21 08:00:00+00:00,2026-07-01 00:00:00+00:00,10,-2.61934953127988,153.775,-3.235176450622076,2026-06-05,79,-2.61934953127988
2026-06-22 08:00:00+00:00,2026-07-02 00:00:00+00:00,10,-2.7007537784580222,153.676,-3.107155712651068,2026-06-05,79,-2.7007537784580222
2026-06-23 08:00:00+00:00,2026-07-03 00:00:00+00:00,10,-2.41871819399276,153.171,-3.5465271658277904,2026-06-05,79,-2.41871819399276
2026-06-24 08:00:00+00:00,2026-07-04 00:00:00+00:00,10,-2.055527070977604,152.682,-2.8003385810357533,2026-06-05,79,-2.055527070977604
2026-06-25 08:00:00+00:00,2026-07-05 00:00:00+00:00,10,-1.6837191505644,152.32,-2.757128998222298,2026-06-05,79,-1.6837191505644
2026-06-05 08:00:00+00:00,2026-06-16 00:00:00+00:00,11,-3.1592500478285785,158.405,-2.659292890539611,2026-06-05,78,-3.1592500478285785
2026-06-06 08:00:00+00:00,2026-06-17 00:00:00+00:00,11,-3.1532619093169956,158.067,-2.92476065147241,2026-06-05,78,-3.1532619093169956
2026-06-07 08:00:00+00:00,2026-06-18 00:00:00+00:00,11,-3.3754543715324417,157.974,-2.7410517293495036,2026-06-05,78,-3.3754543715324417
2026-06-08 08:00:00+00:00,2026-06-19 00:00:00+00:00,11,-3.645666730438109,157.882,-3.135805986645242,2026-06-05,78,-3.645666730438109
2026-06-09 08:00:00+00:00,2026-06-20 00:00:00+00:00,11,-3.8308417830495216,157.509,-3.361901904284544,2026-06-05,78,-3.8308417830495216
2026-06-10 08:00:00+00:00,2026-06-21 00:00:00+00:00,11,-3.527321599387818,157.093,-3.4545563478606662,2026-06-05,78,-3.527321599387818
2026-06-11 08:00:00+00:00,2026-06-22 00:00:00+00:00,11,-3.1939372488999425,156.688,-2.6034047376963705,2026-06-05,78,-3.1939372488999425
2026-06-12 08:00:00+00:00,2026-06-23 00:00:00+00:00,11,-3.2469504495886383,156.341,-2.9633981274378187,2026-06-05,78,-3.2469504495886383
2026-06-13 08:00:00+00:00,2026-06-24 00:00:00+00:00,11,-3.460897264205073,156.021,-3.0888257495750717,2026-06-05,78,-3.460897264205073
2026-06-14 08:00:00+00:00,2026-06-25 00:00:00+00:00,11,-3.779577195331882,155.928,-2.8534459318485994,2026-06-05,78,-3.779577195331882
2026-06-15 08:00:00+00:00,2026-06-26 00:00:00+00:00,11,-4.057461258848264,155.859,-3.094860059364066,2026-06-05,78,-4.057461258848264
2026-06-16 08:00:00+00:00,2026-06-27 00:00:00+00:00,11,-3.881471207193414,155.443,-4.440852842466715,2026-06-05,78,-3.881471207193414
2026-06-17 08:00:00+00:00,2026-06-28 00:00:00+00:00,11,-3.620040176009184,155.105,-4.7540049096506785,2026-06-05,78,-3.620040176009184
2026-06-18 08:00:00+00:00,2026-06-29 00:00:00+00:00,11,-3.3138989860340473,154.731,-4.455984976089514,2026-06-05,78,-3.3138989860340473
2026-06-19 08:00:00+00:00,2026-06-30 00:00:00+00:00,11,-3.228974555194185,154.431,-3.310212998618898,2026-06-05,78,-3.228974555194185
2026-06-20 08:00:00+00:00,2026-07-01 00:00:00+00:00,11,-2.822754926344004,153.947,-3.6158482442289377,2026-06-05,78,-2.822754926344004
2026-06-21 08:00:00+00:00,2026-07-02 00:00:00+00:00,11,-2.806244499713017,153.775,-3.3531429634373215,2026-06-05,78,-2.806244499713017
2026-06-22 08:00:00+00:00,2026-07-03 00:00:00+00:00,11,-2.8715592117849837,153.676,-3.2075112409295863,2026-06-05,78,-2.8715592117849837
2026-06-23 08:00:00+00:00,2026-07-04 00:00:00+00:00,11,-2.6002180983355743,153.171,-3.6988821482118577,2026-06-05,78,-2.6002180983355743
2026-06-24 08:00:00+00:00,2026-07-05 00:00:00+00:00,11,-2.0861182322555862,152.682,-2.9349920796340165,2026-06-05,78,-2.0861182322555862
2026-06-25 08:00:00+00:00,2026-07-06 00:00:00+00:00,11,-1.6845226707480665,152.32,-2.9054691662324044,2026-06-05,78,-1.6845226707480665
2026-06-05 08:00:00+00:00,2026-06-17 00:00:00+00:00,12,-3.506122058542161,158.405,-2.837142418910531,2026-06-05,77,-3.506122058542161
2026-06-06 08:00:00+00:00,2026-06-18 00:00:00+00:00,12,-3.485039219437539,158.067,-3.119777966769165,2026-06-05,77,-3.485039219437539
2026-06-07 08:00:00+00:00,2026-06-19 00:00:00+00:00,12,-3.6798928639755104,157.974,-2.946956977368213,2026-06-05,77,-3.6798928639755104
2026-06-08 08:00:00+00:00,2026-06-20 00:00:00+00:00,12,-4.220740386454935,157.882,-3.3517082266970917,2026-06-05,77,-4.220740386454935
2026-06-09 08:00:00+00:00,2026-06-21 00:00:00+00:00,12,-4.034247178113645,157.509,-3.536118465723561,2026-06-05,77,-4.034247178113645
2026-06-10 08:00:00+00:00,2026-06-22 00:00:00+00:00,12,-3.632812320642813,157.093,-3.540068873187315,2026-06-05,77,-3.632812320642813
2026-06-11 08:00:00+00:00,2026-06-23 00:00:00+00:00,12,-3.6467782666921664,156.688,-2.5765889666834996,2026-06-05,77,-3.6467782666921664
2026-06-12 08:00:00+00:00,2026-06-24 00:00:00+00:00,12,-3.7916414769466087,156.341,-2.9759795413442456,2026-06-05,77,-3.7916414769466087
2026-06-13 08:00:00+00:00,2026-06-25 00:00:00+00:00,12,-3.8632963458962593,156.021,-3.1230579237953737,2026-06-05,77,-3.8632963458962593
2026-06-14 08:00:00+00:00,2026-06-26 00:00:00+00:00,12,-4.135134876602223,155.928,-2.886214868433286,2026-06-05,77,-4.135134876602223
2026-06-15 08:00:00+00:00,2026-06-27 00:00:00+00:00,12,-4.316386072316817,155.859,-3.0880916432058427,2026-06-05,77,-4.316386072316817
2026-06-16 08:00:00+00:00,2026-06-28 00:00:00+00:00,12,-3.966912186722766,155.443,-4.498690578763024,2026-06-05,77,-3.966912186722766
2026-06-17 08:00:00+00:00,2026-06-29 00:00:00+00:00,12,-3.6456762961545905,155.105,-4.862621335067252,2026-06-05,77,-3.6456762961545905
2026-06-18 08:00:00+00:00,2026-06-30 00:00:00+00:00,12,-3.5334130476372536,154.731,-4.5967729469803285,2026-06-05,77,-3.5334130476372536
2026-06-19 08:00:00+00:00,2026-07-01 00:00:00+00:00,12,-3.3978285823608303,154.431,-3.381691020238393,2026-06-05,77,-3.3978285823608303
2026-06-20 08:00:00+00:00,2026-07-02 00:00:00+00:00,12,-3.009649894777141,153.947,-3.704086992562024,2026-06-05,77,-3.009649894777141
2026-06-21 08:00:00+00:00,2026-07-03 00:00:00+00:00,12,-2.9770499330399787,153.775,-3.451780275818118,2026-06-05,77,-2.9770499330399787
2026-06-22 08:00:00+00:00,2026-07-04 00:00:00+00:00,12,-3.0530591161277982,153.676,-3.292719662252736,2026-06-05,77,-3.0530591161277982
2026-06-23 08:00:00+00:00,2026-07-05 00:00:00+00:00,12,-2.6308092596135566,153.171,-3.775011727950302,2026-06-05,77,-2.6308092596135566
2026-06-24 08:00:00+00:00,2026-07-06 00:00:00+00:00,12,-2.0869217524392525,152.682,-3.0079079126257273,2026-06-05,77,-2.0869217524392525
2026-06-25 08:00:00+00:00,2026-07-07 00:00:00+00:00,12,-1.5272240290798038,152.32,-3.0135144739668984,2026-06-05,77,-1.5272240290798038
2026-06-05 08:00:00+00:00,2026-06-18 00:00:00+00:00,13,-3.837899368662704,158.405,-3.0006942112610817,2026-06-05,76,-3.837899368662704
2026-06-06 08:00:00+00:00,2026-06-19 00:00:00+00:00,13,-3.789477711880608,158.067,-3.3160302379961095,2026-06-05,76,-3.789477711880608
2026-06-07 08:00:00+00:00,2026-06-20 00:00:00+00:00,13,-4.254966519992337,157.974,-3.086357507913738,2026-06-05,76,-4.254966519992337
2026-06-08 08:00:00+00:00,2026-06-21 00:00:00+00:00,13,-4.424145781519059,157.882,-3.494939342085976,2026-06-05,76,-4.424145781519059
2026-06-09 08:00:00+00:00,2026-06-22 00:00:00+00:00,13,-4.13973789936864,157.509,-3.701224610551257,2026-06-05,76,-4.13973789936864
2026-06-10 08:00:00+00:00,2026-06-23 00:00:00+00:00,13,-4.085653338435037,157.093,-3.5829943713687156,2026-06-05,76,-4.085653338435037
2026-06-11 08:00:00+00:00,2026-06-24 00:00:00+00:00,13,-4.191469294050137,156.688,-2.5100120238790584,2026-06-05,76,-4.191469294050137
2026-06-12 08:00:00+00:00,2026-06-25 00:00:00+00:00,13,-4.194040558637795,156.341,-2.927434761454946,2026-06-05,76,-4.194040558637795
2026-06-13 08:00:00+00:00,2026-06-26 00:00:00+00:00,13,-4.2188540271666,156.021,-3.0828195959970026,2026-06-05,76,-4.2188540271666
2026-06-14 08:00:00+00:00,2026-06-27 00:00:00+00:00,13,-4.394059690070776,155.928,-2.784006747831648,2026-06-05,76,-4.394059690070776
2026-06-15 08:00:00+00:00,2026-06-28 00:00:00+00:00,13,-4.401827051846169,155.859,-2.914283402998323,2026-06-05,76,-4.401827051846169
2026-06-16 08:00:00+00:00,2026-06-29 00:00:00+00:00,13,-3.992548306868173,155.443,-4.450627439552798,2026-06-05,76,-3.992548306868173
2026-06-17 08:00:00+00:00,2026-06-30 00:00:00+00:00,13,-3.865190357757797,155.105,-4.841037170053313,2026-06-05,76,-3.865190357757797
2026-06-18 08:00:00+00:00,2026-07-01 00:00:00+00:00,13,-3.702267074803899,154.731,-4.6391367422196454,2026-06-05,76,-3.702267074803899
2026-06-19 08:00:00+00:00,2026-07-02 00:00:00+00:00,13,-3.584723550793967,154.431,-3.3663152742720124,2026-06-05,76,-3.584723550793967
2026-06-20 08:00:00+00:00,2026-07-03 00:00:00+00:00,13,-3.1804553281041024,153.947,-3.7497968260038954,2026-06-05,76,-3.1804553281041024
2026-06-21 08:00:00+00:00,2026-07-04 00:00:00+00:00,13,-3.158549837382793,153.775,-3.422873610670636,2026-06-05,76,-3.158549837382793
2026-06-22 08:00:00+00:00,2026-07-05 00:00:00+00:00,13,-3.083650277405781,153.676,-3.233260101827637,2026-06-05,76,-3.083650277405781
2026-06-23 08:00:00+00:00,2026-07-06 00:00:00+00:00,13,-2.631612779797223,153.171,-3.824196299237243,2026-06-05,76,-2.631612779797223
2026-06-24 08:00:00+00:00,2026-07-07 00:00:00+00:00,13,-1.92962311077099,152.682,-3.085761721156442,2026-06-05,76,-1.92962311077099
2026-06-25 08:00:00+00:00,2026-07-08 00:00:00+00:00,13,-1.530935527070966,152.32,-3.1006940136852235,2026-06-05,76,-1.530935527070966
2026-06-05 08:00:00+00:00,2026-06-19 00:00:00+00:00,14,-4.142337861105773,158.405,-3.1516597599728864,2026-06-05,75,-4.142337861105773
2026-06-06 08:00:00+00:00,2026-06-20 00:00:00+00:00,14,-4.364551367897434,158.067,-3.493220152982612,2026-06-05,75,-4.364551367897434
2026-06-07 08:00:00+00:00,2026-06-21 00:00:00+00:00,14,-4.4583719150564605,157.974,-3.2088287639479636,2026-06-05,75,-4.4583719150564605
2026-06-08 08:00:00+00:00,2026-06-22 00:00:00+00:00,14,-4.5296365027740535,157.882,-3.628893207509104,2026-06-05,75,-4.5296365027740535
2026-06-09 08:00:00+00:00,2026-06-23 00:00:00+00:00,14,-4.592578917160864,157.509,-3.856876675937981,2026-06-05,75,-4.592578917160864
2026-06-10 08:00:00+00:00,2026-06-24 00:00:00+00:00,14,-4.6303443657930075,157.093,-3.6129363061088706,2026-06-05,75,-4.6303443657930075
2026-06-11 08:00:00+00:00,2026-06-25 00:00:00+00:00,14,-4.593868375741323,156.688,-2.423750494683316,2026-06-05,75,-4.593868375741323
2026-06-12 08:00:00+00:00,2026-06-26 00:00:00+00:00,14,-4.549598239908136,156.341,-2.8541181193537732,2026-06-05,75,-4.549598239908136
2026-06-13 08:00:00+00:00,2026-06-27 00:00:00+00:00,14,-4.477778840635153,156.021,-3.011687165477994,2026-06-05,75,-4.477778840635153
2026-06-14 08:00:00+00:00,2026-06-28 00:00:00+00:00,14,-4.479500669600128,155.928,-2.656778334337988,2026-06-05,75,-4.479500669600128
2026-06-15 08:00:00+00:00,2026-06-29 00:00:00+00:00,14,-4.427463171991576,155.859,-2.727204640813088,2026-06-05,75,-4.427463171991576
2026-06-16 08:00:00+00:00,2026-06-30 00:00:00+00:00,14,-4.212062368471379,155.443,-4.405310467303838,2026-06-05,75,-4.212062368471379
2026-06-17 08:00:00+00:00,2026-07-01 00:00:00+00:00,14,-4.034044384924442,155.105,-4.825624066680394,2026-06-05,75,-4.034044384924442
2026-06-18 08:00:00+00:00,2026-07-02 00:00:00+00:00,14,-3.889162043237036,154.731,-4.687833904780273,2026-06-05,75,-3.889162043237036
2026-06-19 08:00:00+00:00,2026-07-03 00:00:00+00:00,14,-3.7555289841209287,154.431,-3.3405569267045103,2026-06-05,75,-3.7555289841209287
2026-06-20 08:00:00+00:00,2026-07-04 00:00:00+00:00,14,-3.361955232446917,153.947,-3.7755913432457793,2026-06-05,75,-3.361955232446917
2026-06-21 08:00:00+00:00,2026-07-05 00:00:00+00:00,14,-3.1891409986607755,153.775,-3.3777729505060727,2026-06-05,75,-3.1891409986607755
2026-06-22 08:00:00+00:00,2026-07-06 00:00:00+00:00,14,-3.084453797589447,153.676,-3.163924477859584,2026-06-05,75,-3.084453797589447
2026-06-23 08:00:00+00:00,2026-07-07 00:00:00+00:00,14,-2.4743141381289604,153.171,-3.8629116655266142,2026-06-05,75,-2.4743141381289604
2026-06-24 08:00:00+00:00,2026-07-08 00:00:00+00:00,14,-1.933334608762152,152.682,-3.1415995477552507,2026-06-05,75,-1.933334608762152
2026-06-25 08:00:00+00:00,2026-07-09 00:00:00+00:00,14,-1.4853835852305508,152.32,-3.1726628458837864,2026-06-05,75,-1.4853835852305508
2026-06-26 08:00:00+00:00,2026-06-27 00:00:00+00:00,1,-0.2589248134685533,151.982,-0.2922827648177735,2026-06-26,109,-0.2589248134685533
2026-06-27 08:00:00+00:00,2026-06-28 00:00:00+00:00,1,-0.085440979529352,151.728,-0.292321853671638,2026-06-26,109,-0.085440979529352
2026-06-28 08:00:00+00:00,2026-06-29 00:00:00+00:00,1,-0.0256361201454069,151.654,-0.2582882027869321,2026-06-26,109,-0.0256361201454069
2026-06-29 08:00:00+00:00,2026-06-30 00:00:00+00:00,1,-0.2195140616032063,151.619,-0.242209132734996,2026-06-26,109,-0.2195140616032063
2026-06-30 08:00:00+00:00,2026-07-01 00:00:00+00:00,1,-0.1688540271666454,151.388,-0.2324124116851885,2026-06-26,109,-0.1688540271666454
2026-07-01 08:00:00+00:00,2026-07-02 00:00:00+00:00,1,-0.1868949684331369,151.126,-0.238978422414766,2026-06-26,109,-0.1868949684331369
2026-07-02 08:00:00+00:00,2026-07-03 00:00:00+00:00,1,-0.1708054333269615,150.952,-0.2149865513609341,2026-06-26,109,-0.1708054333269615
2026-07-03 08:00:00+00:00,2026-07-04 00:00:00+00:00,1,-0.1814999043428145,150.806,-0.2113362198114963,2026-06-26,109,-0.1814999043428145
2026-07-04 08:00:00+00:00,2026-07-05 00:00:00+00:00,1,-0.0305911612779823,150.608,-0.2168140263785878,2026-06-26,109,-0.0305911612779823
2026-07-05 08:00:00+00:00,2026-07-06 00:00:00+00:00,1,-0.0008035201836662,150.583,-0.1913837487118121,2026-06-26,109,-0.0008035201836662
2026-07-06 08:00:00+00:00,2026-07-07 00:00:00+00:00,1,0.1572986416682624,150.58,-0.1753008325936875,2026-06-26,109,0.1572986416682624
2026-07-07 08:00:00+00:00,2026-07-08 00:00:00+00:00,1,-0.0037114979911621,150.682,-0.1226791783402951,2026-06-26,109,-0.0037114979911621
2026-07-08 08:00:00+00:00,2026-07-09 00:00:00+00:00,1,0.0455519418404151,150.672,-0.0876853424164334,2026-06-26,109,0.0455519418404151
2026-07-09 08:00:00+00:00,2026-07-10 00:00:00+00:00,1,0.1666539123780239,150.702,-0.0020946079986621,2026-06-26,109,0.1666539123780239
2026-07-10 08:00:00+00:00,2026-07-11 00:00:00+00:00,1,0.1844270135833028,150.861,-0.0053981811173304,2026-06-26,109,0.1844270135833028
2026-07-11 08:00:00+00:00,2026-07-12 00:00:00+00:00,1,0.0221924622154006,151.079,0.0195110759839836,2026-06-26,109,0.0221924622154006
2026-07-12 08:00:00+00:00,2026-07-13 00:00:00+00:00,1,0.0554811555385867,151.117,0.0059275000244486,2026-06-26,109,0.0554811555385867
2026-07-13 08:00:00+00:00,2026-07-14 00:00:00+00:00,1,0.1940309929213697,151.166,0.036524973075417,2026-06-26,109,0.1940309929213697
2026-07-14 08:00:00+00:00,2026-07-15 00:00:00+00:00,1,0.3617562655442725,151.331,0.1724402280548256,2026-06-26,109,0.3617562655442725
2026-07-15 08:00:00+00:00,2026-07-16 00:00:00+00:00,1,0.4482494738855962,151.73,0.232432076256694,2026-06-26,109,0.4482494738855962
2026-07-16 08:00:00+00:00,2026-07-17 00:00:00+00:00,1,0.417199158216988,152.145,0.2436184081137992,2026-06-26,109,0.417199158216988
2026-07-17 08:00:00+00:00,2026-07-18 00:00:00+00:00,1,0.6495886741916763,152.484,0.246997426913426,2026-06-26,109,0.6495886741916763
2026-07-18 08:00:00+00:00,2026-07-19 00:00:00+00:00,1,0.1657547350296511,153.112,0.3131402674185815,2026-06-26,109,0.1657547350296511
2026-06-26 08:00:00+00:00,2026-06-28 00:00:00+00:00,2,-0.3443657929979054,151.982,-0.5681211815892688,2026-06-26,108,-0.3443657929979054
2026-06-27 08:00:00+00:00,2026-06-29 00:00:00+00:00,2,-0.1110770996747589,151.728,-0.5838113179450414,2026-06-26,108,-0.1110770996747589
2026-06-28 08:00:00+00:00,2026-06-30 00:00:00+00:00,2,-0.2451501817486132,151.654,-0.5361832629613614,2026-06-26,108,-0.2451501817486132
2026-06-29 08:00:00+00:00,2026-07-01 00:00:00+00:00,2,-0.3883680887698517,151.619,-0.5012099922110034,2026-06-26,108,-0.3883680887698517
2026-06-30 08:00:00+00:00,2026-07-02 00:00:00+00:00,2,-0.3557489955997823,151.388,-0.4508663541833406,2026-06-26,108,-0.3557489955997823
2026-07-01 08:00:00+00:00,2026-07-03 00:00:00+00:00,2,-0.3577004017600984,151.126,-0.4498698450941487,2026-06-26,108,-0.3577004017600984
2026-07-02 08:00:00+00:00,2026-07-04 00:00:00+00:00,2,-0.352305337669776,150.952,-0.393628340653174,2026-06-26,108,-0.352305337669776
2026-07-03 08:00:00+00:00,2026-07-05 00:00:00+00:00,2,-0.2120910656207968,150.806,-0.4194180688570437,2026-06-26,108,-0.2120910656207968
2026-07-04 08:00:00+00:00,2026-07-06 00:00:00+00:00,2,-0.0313946814616485,150.608,-0.4250414336210831,2026-06-26,108,-0.0313946814616485
2026-07-05 08:00:00+00:00,2026-07-07 00:00:00+00:00,2,0.1564951214845962,150.583,-0.3973485956929334,2026-06-26,108,0.1564951214845962
2026-07-06 08:00:00+00:00,2026-07-08 00:00:00+00:00,2,0.1535871436771003,150.58,-0.3641248731207276,2026-06-26,108,0.1535871436771003
2026-07-07 08:00:00+00:00,2026-07-09 00:00:00+00:00,2,0.041840443849253,150.682,-0.2520187886726343,2026-06-26,108,0.041840443849253
2026-07-08 08:00:00+00:00,2026-07-10 00:00:00+00:00,2,0.212205854218439,150.672,-0.1738840807996262,2026-06-26,108,0.212205854218439
2026-07-09 08:00:00+00:00,2026-07-11 00:00:00+00:00,2,0.3510809259613268,150.702,0.0037055141737039,2026-06-26,108,0.3510809259613268
2026-07-10 08:00:00+00:00,2026-07-12 00:00:00+00:00,2,0.2066194757987034,150.861,-0.0162282793793859,2026-06-26,108,0.2066194757987034
2026-07-11 08:00:00+00:00,2026-07-13 00:00:00+00:00,2,0.0776736177539874,151.079,0.0283912791142987,2026-06-26,108,0.0776736177539874
2026-07-12 08:00:00+00:00,2026-07-14 00:00:00+00:00,2,0.2495121484599565,151.117,0.027978232279397,2026-06-26,108,0.2495121484599565
2026-07-13 08:00:00+00:00,2026-07-15 00:00:00+00:00,2,0.5557872584656423,151.166,0.0879415557266857,2026-06-26,108,0.5557872584656423
2026-07-14 08:00:00+00:00,2026-07-16 00:00:00+00:00,2,0.8100057394298688,151.331,0.3505977516449002,2026-06-26,108,0.8100057394298688
2026-07-15 08:00:00+00:00,2026-07-17 00:00:00+00:00,2,0.8654486321025843,151.73,0.4591171681953743,2026-06-26,108,0.8654486321025843
2026-07-16 08:00:00+00:00,2026-07-18 00:00:00+00:00,2,1.0667878324086644,152.145,0.4731782461177999,2026-06-26,108,1.0667878324086644
2026-07-17 08:00:00+00:00,2026-07-19 00:00:00+00:00,2,0.8153434092213274,152.484,0.5016027362784456,2026-06-26,108,0.8153434092213274
2026-06-26 08:00:00+00:00,2026-06-29 00:00:00+00:00,3,-0.3700019131433123,151.982,-0.8454265929743698,2026-06-26,107,-0.3700019131433123
2026-06-27 08:00:00+00:00,2026-06-30 00:00:00+00:00,3,-0.3305911612779653,151.728,-0.8637949373468508,2026-06-26,107,-0.3305911612779653
2026-06-28 08:00:00+00:00,2026-07-01 00:00:00+00:00,3,-0.4140042089152587,151.654,-0.7896174885481577,2026-06-26,107,-0.4140042089152587
2026-06-29 08:00:00+00:00,2026-07-02 00:00:00+00:00,3,-0.5752630572029886,151.619,-0.733916355285904,2026-06-26,107,-0.5752630572029886
2026-06-30 08:00:00+00:00,2026-07-03 00:00:00+00:00,3,-0.5265544289267439,151.388,-0.6684154256372457,2026-06-26,107,-0.5265544289267439
2026-07-01 08:00:00+00:00,2026-07-04 00:00:00+00:00,3,-0.5392003061029129,151.126,-0.6635430301835543,2026-06-26,107,-0.5392003061029129
2026-07-02 08:00:00+00:00,2026-07-05 00:00:00+00:00,3,-0.3828964989477583,150.952,-0.5765135668338992,2026-06-26,107,-0.3828964989477583
2026-07-03 08:00:00+00:00,2026-07-06 00:00:00+00:00,3,-0.212894585804463,150.806,-0.6180611176114597,2026-06-26,107,-0.212894585804463
2026-07-04 08:00:00+00:00,2026-07-07 00:00:00+00:00,3,0.1259039602066138,150.608,-0.6277128605034576,2026-06-26,107,0.1259039602066138
2026-07-05 08:00:00+00:00,2026-07-08 00:00:00+00:00,3,0.1527836234934341,150.583,-0.5815528199552624,2026-06-26,107,0.1527836234934341
2026-07-06 08:00:00+00:00,2026-07-09 00:00:00+00:00,3,0.1991390855175154,150.58,-0.5340130775623204,2026-06-26,107,0.1991390855175154
2026-07-07 08:00:00+00:00,2026-07-10 00:00:00+00:00,3,0.2084943562272769,150.682,-0.3630115813282331,2026-06-26,107,0.2084943562272769
2026-07-08 08:00:00+00:00,2026-07-11 00:00:00+00:00,3,0.3966328678017419,150.672,-0.258121634141352,2026-06-26,107,0.3966328678017419
2026-07-09 08:00:00+00:00,2026-07-12 00:00:00+00:00,3,0.3732733881767274,150.702,0.0108191697631663,2026-06-26,107,0.3732733881767274
2026-07-10 08:00:00+00:00,2026-07-13 00:00:00+00:00,3,0.2621006313372902,150.861,-0.0249122020251206,2026-06-26,107,0.2621006313372902
2026-07-11 08:00:00+00:00,2026-07-14 00:00:00+00:00,3,0.2717046106753571,151.079,0.0406222265677594,2026-06-26,107,0.2717046106753571
2026-07-12 08:00:00+00:00,2026-07-15 00:00:00+00:00,3,0.611268414004229,151.117,0.0326945983214279,2026-06-26,107,0.611268414004229
2026-07-13 08:00:00+00:00,2026-07-16 00:00:00+00:00,3,1.0040367323512385,151.166,0.1295674250834985,2026-06-26,107,1.0040367323512385
2026-07-14 08:00:00+00:00,2026-07-17 00:00:00+00:00,3,1.2272048976468568,151.331,0.521918633603369,2026-06-26,107,1.2272048976468568
2026-07-15 08:00:00+00:00,2026-07-18 00:00:00+00:00,3,1.5150373062942606,151.73,0.6932857825964969,2026-06-26,107,1.5150373062942606
2026-07-16 08:00:00+00:00,2026-07-19 00:00:00+00:00,3,1.2325425674383157,152.145,0.7170074288661763,2026-06-26,107,1.2325425674383157
2026-06-26 08:00:00+00:00,2026-06-30 00:00:00+00:00,4,-0.5895159747465186,151.982,-1.1107042573820765,2026-06-26,106,-0.5895159747465186
2026-06-27 08:00:00+00:00,2026-07-01 00:00:00+00:00,4,-0.4994451884446107,151.728,-1.120518030877475,2026-06-26,106,-0.4994451884446107
2026-06-28 08:00:00+00:00,2026-07-02 00:00:00+00:00,4,-0.6008991773483956,151.654,-1.00666773336375,2026-06-26,106,-0.6008991773483956
2026-06-29 08:00:00+00:00,2026-07-03 00:00:00+00:00,4,-0.7460684905299502,151.619,-0.9192415524767212,2026-06-26,106,-0.7460684905299502
2026-06-30 08:00:00+00:00,2026-07-04 00:00:00+00:00,4,-0.7080543332695584,151.388,-0.871551084444826,2026-06-26,106,-0.7080543332695584
2026-07-01 08:00:00+00:00,2026-07-05 00:00:00+00:00,4,-0.5697914673808953,151.126,-0.8690246596781779,2026-06-26,106,-0.5697914673808953
2026-07-02 08:00:00+00:00,2026-07-06 00:00:00+00:00,4,-0.3837000191314246,150.952,-0.7512232338184321,2026-06-26,106,-0.3837000191314246
2026-07-03 08:00:00+00:00,2026-07-07 00:00:00+00:00,4,-0.0555959441362006,150.806,-0.7952688004957493,2026-06-26,106,-0.0555959441362006
2026-07-04 08:00:00+00:00,2026-07-08 00:00:00+00:00,4,0.1221924622154517,150.608,-0.8128765044290764,2026-06-26,106,0.1221924622154517
2026-07-05 08:00:00+00:00,2026-07-09 00:00:00+00:00,4,0.1983355653338492,150.583,-0.7328791468667601,2026-06-26,106,0.1983355653338492
2026-07-06 08:00:00+00:00,2026-07-10 00:00:00+00:00,4,0.3657929978955394,150.58,-0.6726848769355978,2026-06-26,106,0.3657929978955394
2026-07-07 08:00:00+00:00,2026-07-11 00:00:00+00:00,4,0.3929213698105798,150.682,-0.4459479644612352,2026-06-26,106,0.3929213698105798
2026-07-08 08:00:00+00:00,2026-07-12 00:00:00+00:00,4,0.4188253300171425,150.672,-0.3380465148907455,2026-06-26,106,0.4188253300171425
2026-07-09 08:00:00+00:00,2026-07-13 00:00:00+00:00,4,0.4287545437153142,150.702,0.0041235254295598,2026-06-26,106,0.4287545437153142
2026-07-10 08:00:00+00:00,2026-07-14 00:00:00+00:00,4,0.4561316242586599,150.861,-0.0347517465376929,2026-06-26,106,0.4561316242586599
2026-07-11 08:00:00+00:00,2026-07-15 00:00:00+00:00,4,0.6334608762196297,151.079,0.0537007188977398,2026-06-26,106,0.6334608762196297
2026-07-12 08:00:00+00:00,2026-07-16 00:00:00+00:00,4,1.0595178878898253,151.117,0.0194125086309771,2026-06-26,106,1.0595178878898253
2026-07-13 08:00:00+00:00,2026-07-17 00:00:00+00:00,4,1.4212358905682263,151.166,0.1570630282705712,2026-06-26,106,1.4212358905682263
2026-07-14 08:00:00+00:00,2026-07-18 00:00:00+00:00,4,1.8767935718385331,151.331,0.6609727743598209,2026-06-26,106,1.8767935718385331
2026-07-15 08:00:00+00:00,2026-07-19 00:00:00+00:00,4,1.6807920413239117,151.73,0.9134111994289036,2026-06-26,106,1.6807920413239117
2026-06-26 08:00:00+00:00,2026-07-01 00:00:00+00:00,5,-0.7583700019131641,151.982,-1.3902255284743064,2026-06-26,105,-0.7583700019131641
2026-06-27 08:00:00+00:00,2026-07-02 00:00:00+00:00,5,-0.6863401568777476,151.728,-1.395192933808935,2026-06-26,105,-0.6863401568777476
2026-06-28 08:00:00+00:00,2026-07-03 00:00:00+00:00,5,-0.7717046106753571,151.654,-1.2569485909384848,2026-06-26,105,-0.7717046106753571
2026-06-29 08:00:00+00:00,2026-07-04 00:00:00+00:00,5,-0.9275683948727648,151.619,-1.1600303677741308,2026-06-26,105,-0.9275683948727648
2026-06-30 08:00:00+00:00,2026-07-05 00:00:00+00:00,5,-0.7386454945475407,151.388,-1.0997895251852283,2026-06-26,105,-0.7386454945475407
2026-07-01 08:00:00+00:00,2026-07-06 00:00:00+00:00,5,-0.5705949875645615,151.126,-1.0946184241760777,2026-06-26,105,-0.5705949875645615
2026-07-02 08:00:00+00:00,2026-07-07 00:00:00+00:00,5,-0.2264013774631621,150.952,-0.9551387939127124,2026-06-26,105,-0.2264013774631621
2026-07-03 08:00:00+00:00,2026-07-08 00:00:00+00:00,5,-0.0593074421273627,150.806,-1.0008323740365928,2026-06-26,105,-0.0593074421273627
2026-07-04 08:00:00+00:00,2026-07-09 00:00:00+00:00,5,0.1677444040558668,150.608,-1.0206021378791603,2026-06-26,105,0.1677444040558668
2026-07-05 08:00:00+00:00,2026-07-10 00:00:00+00:00,5,0.3649894777118732,150.583,-0.9191136899085366,2026-06-26,105,0.3649894777118732
2026-07-06 08:00:00+00:00,2026-07-11 00:00:00+00:00,5,0.5502200114788423,150.58,-0.8496658706408249,2026-06-26,105,0.5502200114788423
2026-07-07 08:00:00+00:00,2026-07-12 00:00:00+00:00,5,0.4151138320259804,150.682,-0.570144234724473,2026-06-26,105,0.4151138320259804
2026-07-08 08:00:00+00:00,2026-07-13 00:00:00+00:00,5,0.4743064855557293,150.672,-0.4329007854790678,2026-06-26,105,0.4743064855557293
2026-07-09 08:00:00+00:00,2026-07-14 00:00:00+00:00,5,0.6227855366366839,150.702,0.0089437645946488,2026-06-26,105,0.6227855366366839
2026-07-10 08:00:00+00:00,2026-07-15 00:00:00+00:00,5,0.8178878898029325,150.861,-0.0582961977105531,2026-06-26,105,0.8178878898029325
2026-07-11 08:00:00+00:00,2026-07-16 00:00:00+00:00,5,1.081710350105226,151.079,0.0489946221565049,2026-06-26,105,1.081710350105226
2026-07-12 08:00:00+00:00,2026-07-17 00:00:00+00:00,5,1.476717046106813,151.117,0.00077060639039,2026-06-26,105,1.476717046106813
2026-07-13 08:00:00+00:00,2026-07-18 00:00:00+00:00,5,2.070824564759903,151.166,0.1813998229320114,2026-06-26,105,2.070824564759903
2026-07-14 08:00:00+00:00,2026-07-19 00:00:00+00:00,5,2.042548306868184,151.331,0.826522076037011,2026-06-26,105,2.042548306868184
2026-06-26 08:00:00+00:00,2026-07-02 00:00:00+00:00,6,-0.945264970346301,151.982,-1.6802436716425968,2026-06-26,104,-0.945264970346301
2026-06-27 08:00:00+00:00,2026-07-03 00:00:00+00:00,6,-0.8571455902047092,151.728,-1.689368787198131,2026-06-26,104,-0.8571455902047092
2026-06-28 08:00:00+00:00,2026-07-04 00:00:00+00:00,6,-0.9532045150181716,151.654,-1.5271970209685326,2026-06-26,104,-0.9532045150181716
2026-06-29 08:00:00+00:00,2026-07-05 00:00:00+00:00,6,-0.958159556150747,151.619,-1.4160180316839035,2026-06-26,104,-0.958159556150747
2026-06-30 08:00:00+00:00,2026-07-06 00:00:00+00:00,6,-0.7394490147312069,151.388,-1.325054638231114,2026-06-26,104,-0.7394490147312069
2026-07-01 08:00:00+00:00,2026-07-07 00:00:00+00:00,6,-0.413296345896299,151.126,-1.306852379332111,2026-06-26,104,-0.413296345896299
2026-07-02 08:00:00+00:00,2026-07-08 00:00:00+00:00,6,-0.2301128754543242,150.952,-1.1426403979640896,2026-06-26,104,-0.2301128754543242
2026-07-03 08:00:00+00:00,2026-07-09 00:00:00+00:00,6,-0.0137555002869476,150.806,-1.207396638615606,2026-06-26,104,-0.0137555002869476
2026-07-04 08:00:00+00:00,2026-07-10 00:00:00+00:00,6,0.3343983164338908,150.608,-1.2312596787878738,2026-06-26,104,0.3343983164338908
2026-07-05 08:00:00+00:00,2026-07-11 00:00:00+00:00,6,0.549416491295176,150.583,-1.1142392046182374,2026-06-26,104,0.549416491295176
2026-07-06 08:00:00+00:00,2026-07-12 00:00:00+00:00,6,0.5724124736942429,150.58,-1.03100068494095,2026-06-26,104,0.5724124736942429
2026-07-07 08:00:00+00:00,2026-07-13 00:00:00+00:00,6,0.4705949875645672,150.682,-0.6930427570921831,2026-06-26,104,0.4705949875645672
2026-07-08 08:00:00+00:00,2026-07-14 00:00:00+00:00,6,0.668337478477099,150.672,-0.5212072282701838,2026-06-26,104,0.668337478477099
2026-07-09 08:00:00+00:00,2026-07-15 00:00:00+00:00,6,0.9845418021809564,150.702,0.0277684037389884,2026-06-26,104,0.9845418021809564
2026-07-10 08:00:00+00:00,2026-07-16 00:00:00+00:00,6,1.2661373636885287,150.861,-0.0734206992964197,2026-06-26,104,1.2661373636885287
2026-07-11 08:00:00+00:00,2026-07-17 00:00:00+00:00,6,1.498909508322214,151.079,0.0526498972399837,2026-06-26,104,1.498909508322214
2026-07-12 08:00:00+00:00,2026-07-18 00:00:00+00:00,6,2.1263057202984896,151.117,-0.0007318765457191,2026-06-26,104,2.1263057202984896
2026-07-13 08:00:00+00:00,2026-07-19 00:00:00+00:00,6,2.236579299789554,151.166,0.2207184514559527,2026-06-26,104,2.236579299789554
2026-06-26 08:00:00+00:00,2026-07-03 00:00:00+00:00,7,-1.1160704036732625,151.982,-1.959121327401196,2026-06-26,103,-1.1160704036732625
2026-06-27 08:00:00+00:00,2026-07-04 00:00:00+00:00,7,-1.0386454945475236,151.728,-1.967140229757828,2026-06-26,103,-1.0386454945475236
2026-06-28 08:00:00+00:00,2026-07-05 00:00:00+00:00,7,-0.983795676296154,151.654,-1.762512374823599,2026-06-26,103,-0.983795676296154
2026-06-29 08:00:00+00:00,2026-07-06 00:00:00+00:00,7,-0.9589630763344132,151.619,-1.6215993458290978,2026-06-26,103,-0.9589630763344132
2026-06-30 08:00:00+00:00,2026-07-07 00:00:00+00:00,7,-0.5821503730629445,151.388,-1.5162589189303366,2026-06-26,103,-0.5821503730629445
2026-07-01 08:00:00+00:00,2026-07-08 00:00:00+00:00,7,-0.4170078438874611,151.126,-1.473106266486366,2026-06-26,103,-0.4170078438874611
2026-07-02 08:00:00+00:00,2026-07-09 00:00:00+00:00,7,-0.1845609336139091,150.952,-1.274579192195598,2026-06-26,103,-0.1845609336139091
2026-07-03 08:00:00+00:00,2026-07-10 00:00:00+00:00,7,0.1528984120910763,150.806,-1.3729752539296436,2026-06-26,103,0.1528984120910763
2026-07-04 08:00:00+00:00,2026-07-11 00:00:00+00:00,7,0.5188253300171937,150.608,-1.4089695165956486,2026-06-26,103,0.5188253300171937
2026-07-05 08:00:00+00:00,2026-07-12 00:00:00+00:00,7,0.5716089535105766,150.583,-1.26136195431582,2026-06-26,103,0.5716089535105766
2026-07-06 08:00:00+00:00,2026-07-13 00:00:00+00:00,7,0.6278936292328297,150.58,-1.1611390468431304,2026-06-26,103,0.6278936292328297
2026-07-07 08:00:00+00:00,2026-07-14 00:00:00+00:00,7,0.6646259804859369,150.682,-0.7529968076909326,2026-06-26,103,0.6646259804859369
2026-07-08 08:00:00+00:00,2026-07-15 00:00:00+00:00,7,1.0300937440213715,150.672,-0.5720796028006718,2026-06-26,103,1.0300937440213715
2026-07-09 08:00:00+00:00,2026-07-16 00:00:00+00:00,7,1.4327912760665529,150.702,0.0833648219262401,2026-06-26,103,1.4327912760665529
2026-07-10 08:00:00+00:00,2026-07-17 00:00:00+00:00,7,1.6833365219055167,150.861,-0.0479007912278683,2026-06-26,103,1.6833365219055167
2026-07-11 08:00:00+00:00,2026-07-18 00:00:00+00:00,7,2.1484981825138902,151.079,0.0998894195596289,2026-06-26,103,2.1484981825138902
2026-07-12 08:00:00+00:00,2026-07-19 00:00:00+00:00,7,2.2920604553281407,151.117,0.0247635156497023,2026-06-26,103,2.2920604553281407
2026-06-26 08:00:00+00:00,2026-07-04 00:00:00+00:00,8,-1.297570308016077,151.982,-2.2519619919247305,2026-06-26,102,-1.297570308016077
2026-06-27 08:00:00+00:00,2026-07-05 00:00:00+00:00,8,-1.069236655825506,151.728,-2.262051526431568,2026-06-26,102,-1.069236655825506
2026-06-28 08:00:00+00:00,2026-07-06 00:00:00+00:00,8,-0.9845991964798202,151.654,-2.0431078430116587,2026-06-26,102,-0.9845991964798202
2026-06-29 08:00:00+00:00,2026-07-07 00:00:00+00:00,8,-0.8016644346661508,151.619,-1.890657394560594,2026-06-26,102,-0.8016644346661508
2026-06-30 08:00:00+00:00,2026-07-08 00:00:00+00:00,8,-0.5858618710541066,151.388,-1.7440520969106066,2026-06-26,102,-0.5858618710541066
2026-07-01 08:00:00+00:00,2026-07-09 00:00:00+00:00,8,-0.371455902047046,151.126,-1.674109157792531,2026-06-26,102,-0.371455902047046
2026-07-02 08:00:00+00:00,2026-07-10 00:00:00+00:00,8,-0.0179070212358851,150.952,-1.4575694017450287,2026-06-26,102,-0.0179070212358851
2026-07-03 08:00:00+00:00,2026-07-11 00:00:00+00:00,8,0.3373254256743792,150.806,-1.579386223957504,2026-06-26,102,0.3373254256743792
2026-07-04 08:00:00+00:00,2026-07-12 00:00:00+00:00,8,0.5410177922325943,150.608,-1.6154543324260304,2026-06-26,102,0.5410177922325943
2026-07-05 08:00:00+00:00,2026-07-13 00:00:00+00:00,8,0.6270901090491634,150.583,-1.4575315772932855,2026-06-26,102,0.6270901090491634
2026-07-06 08:00:00+00:00,2026-07-14 00:00:00+00:00,8,0.8219246221541994,150.58,-1.3482638430034717,2026-06-26,102,0.8219246221541994
2026-07-07 08:00:00+00:00,2026-07-15 00:00:00+00:00,8,1.0263822460302094,150.682,-0.8816356870186546,2026-06-26,102,1.0263822460302094
2026-07-08 08:00:00+00:00,2026-07-16 00:00:00+00:00,8,1.4783432179069678,150.672,-0.6668126686332514,2026-06-26,102,1.4783432179069678
2026-07-09 08:00:00+00:00,2026-07-17 00:00:00+00:00,8,1.8499904342835407,150.702,0.1106227169209169,2026-06-26,102,1.8499904342835407
2026-07-10 08:00:00+00:00,2026-07-18 00:00:00+00:00,8,2.332925196097193,150.861,-0.0813620111967385,2026-06-26,102,2.332925196097193
2026-07-11 08:00:00+00:00,2026-07-19 00:00:00+00:00,8,2.3142529175435413,151.079,0.0814791763085742,2026-06-26,102,2.3142529175435413
2026-06-26 08:00:00+00:00,2026-07-05 00:00:00+00:00,9,-1.328161469294059,151.982,-2.563551836817151,2026-06-26,101,-1.328161469294059
2026-06-27 08:00:00+00:00,2026-07-06 00:00:00+00:00,9,-1.0700401760091722,151.728,-2.572998241819009,2026-06-26,101,-1.0700401760091722
2026-06-28 08:00:00+00:00,2026-07-07 00:00:00+00:00,9,-0.8273005548115577,151.654,-2.32357158548791,2026-06-26,101,-0.8273005548115577
2026-06-29 08:00:00+00:00,2026-07-08 00:00:00+00:00,9,-0.8053759326573129,151.619,-2.1581142616560864,2026-06-26,101,-0.8053759326573129
2026-06-30 08:00:00+00:00,2026-07-09 00:00:00+00:00,9,-0.5403099292136915,151.388,-1.9764178677959443,2026-06-26,101,-0.5403099292136915
2026-07-01 08:00:00+00:00,2026-07-10 00:00:00+00:00,9,-0.204801989669022,151.126,-1.8779923192599417,2026-06-26,101,-0.204801989669022
2026-07-02 08:00:00+00:00,2026-07-11 00:00:00+00:00,9,0.1665199923474176,150.952,-1.636784772340457,2026-06-26,101,0.1665199923474176
2026-07-03 08:00:00+00:00,2026-07-12 00:00:00+00:00,9,0.3595178878897798,150.806,-1.7871063220237455,2026-06-26,101,0.3595178878897798
2026-07-04 08:00:00+00:00,2026-07-13 00:00:00+00:00,9,0.5964989477711811,150.608,-1.8305854030625448,2026-06-26,101,0.5964989477711811
2026-07-05 08:00:00+00:00,2026-07-14 00:00:00+00:00,9,0.8211211019705331,150.583,-1.6503503153079366,2026-06-26,101,0.8211211019705331
2026-07-06 08:00:00+00:00,2026-07-15 00:00:00+00:00,9,1.183680887698472,150.58,-1.5282159368656465,2026-06-26,101,1.183680887698472
2026-07-07 08:00:00+00:00,2026-07-16 00:00:00+00:00,9,1.4746317199158057,150.682,-0.9949221554286992,2026-06-26,101,1.4746317199158057
2026-07-08 08:00:00+00:00,2026-07-17 00:00:00+00:00,9,1.895542376123956,150.672,-0.7519212592742246,2026-06-26,101,1.895542376123956
2026-07-09 08:00:00+00:00,2026-07-18 00:00:00+00:00,9,2.499579108475217,150.702,0.1560599832827207,2026-06-26,101,2.499579108475217
2026-07-10 08:00:00+00:00,2026-07-19 00:00:00+00:00,9,2.498679931126844,150.861,-0.0917718239349552,2026-06-26,101,2.498679931126844
2026-06-26 08:00:00+00:00,2026-07-06 00:00:00+00:00,10,-1.3289649894777256,151.982,-2.8585092033085906,2026-06-26,100,-1.3289649894777256
2026-06-27 08:00:00+00:00,2026-07-07 00:00:00+00:00,10,-0.9127415343409098,151.728,-2.8669718354165936,2026-06-26,100,-0.9127415343409098
2026-06-28 08:00:00+00:00,2026-07-08 00:00:00+00:00,10,-0.8310120528027198,151.654,-2.5817802358801893,2026-06-26,100,-0.8310120528027198
2026-06-29 08:00:00+00:00,2026-07-09 00:00:00+00:00,10,-0.7598239908168978,151.619,-2.3967811378048443,2026-06-26,100,-0.7598239908168978
2026-06-30 08:00:00+00:00,2026-07-10 00:00:00+00:00,10,-0.3736560168356675,151.388,-2.1887021911897517,2026-06-26,100,-0.3736560168356675
2026-07-01 08:00:00+00:00,2026-07-11 00:00:00+00:00,10,-0.0203749760857192,151.126,-2.055706504567126,2026-06-26,100,-0.0203749760857192
2026-07-02 08:00:00+00:00,2026-07-12 00:00:00+00:00,10,0.1887124545628182,150.952,-1.775293746430218,2026-06-26,100,0.1887124545628182
2026-07-03 08:00:00+00:00,2026-07-13 00:00:00+00:00,10,0.4149990434283666,150.806,-1.9745718588489187,2026-06-26,100,0.4149990434283666
2026-07-04 08:00:00+00:00,2026-07-14 00:00:00+00:00,10,0.7905299406925508,150.608,-2.0284882780908355,2026-06-26,100,0.7905299406925508
2026-07-05 08:00:00+00:00,2026-07-15 00:00:00+00:00,10,1.1828773675148057,150.583,-1.8225310467861324,2026-06-26,100,1.1828773675148057
2026-07-06 08:00:00+00:00,2026-07-16 00:00:00+00:00,10,1.631930361584068,150.58,-1.686218480442295,2026-06-26,100,1.631930361584068
2026-07-07 08:00:00+00:00,2026-07-17 00:00:00+00:00,10,1.8918308781327935,150.682,-1.0759717390335637,2026-06-26,100,1.8918308781327935
2026-07-08 08:00:00+00:00,2026-07-18 00:00:00+00:00,10,2.545131050315632,150.672,-0.8220060549756165,2026-06-26,100,2.545131050315632
2026-07-09 08:00:00+00:00,2026-07-19 00:00:00+00:00,10,2.665333843504868,150.702,0.2105500875068553,2026-06-26,100,2.665333843504868
2026-06-26 08:00:00+00:00,2026-07-07 00:00:00+00:00,11,-1.171666347809463,151.982,-3.10255239960662,2026-06-26,99,-1.171666347809463
2026-06-27 08:00:00+00:00,2026-07-08 00:00:00+00:00,11,-0.916453032332072,151.728,-3.116269322746457,2026-06-26,99,-0.916453032332072
2026-06-28 08:00:00+00:00,2026-07-09 00:00:00+00:00,11,-0.7854601109623047,151.654,-2.795314142399615,2026-06-26,99,-0.7854601109623047
2026-06-29 08:00:00+00:00,2026-07-10 00:00:00+00:00,11,-0.5931700784388738,151.619,-2.5778085164245352,2026-06-26,99,-0.5931700784388738
2026-06-30 08:00:00+00:00,2026-07-11 00:00:00+00:00,11,-0.1892290032523647,151.388,-2.331853952151945,2026-06-26,99,-0.1892290032523647
2026-07-01 08:00:00+00:00,2026-07-12 00:00:00+00:00,11,0.0018174861296813,151.126,-2.138453173699907,2026-06-26,99,0.0018174861296813
2026-07-02 08:00:00+00:00,2026-07-13 00:00:00+00:00,11,0.244193610101405,150.952,-1.8120114928573037,2026-06-26,99,0.244193610101405
2026-07-03 08:00:00+00:00,2026-07-14 00:00:00+00:00,11,0.6090300363497363,150.806,-2.093460904976852,2026-06-26,99,0.6090300363497363
2026-07-04 08:00:00+00:00,2026-07-15 00:00:00+00:00,11,1.152286206236823,150.608,-2.15963193369505,2026-06-26,99,1.152286206236823
2026-07-05 08:00:00+00:00,2026-07-16 00:00:00+00:00,11,1.631126841400402,150.583,-1.9319831240819,2026-06-26,99,1.631126841400402
2026-07-06 08:00:00+00:00,2026-07-17 00:00:00+00:00,11,2.049129519801056,150.58,-1.7783870781637152,2026-06-26,99,2.049129519801056
2026-07-07 08:00:00+00:00,2026-07-18 00:00:00+00:00,11,2.54141955232447,150.682,-1.0820066444343384,2026-06-26,99,2.54141955232447
2026-07-08 08:00:00+00:00,2026-07-19 00:00:00+00:00,11,2.7108857853452832,150.672,-0.8334660289854849,2026-06-26,99,2.7108857853452832
2026-06-26 08:00:00+00:00,2026-07-08 00:00:00+00:00,12,-1.1753778458006252,151.982,-3.3324319676939105,2026-06-26,98,-1.1753778458006252
2026-06-27 08:00:00+00:00,2026-07-09 00:00:00+00:00,12,-0.8709010904916568,151.728,-3.3616448155483134,2026-06-26,98,-0.8709010904916568
2026-06-28 08:00:00+00:00,2026-07-10 00:00:00+00:00,12,-0.6188061985842808,151.654,-3.0182826798764903,2026-06-26,98,-0.6188061985842808
2026-06-29 08:00:00+00:00,2026-07-11 00:00:00+00:00,12,-0.408743064855571,151.619,-2.770767272814819,2026-06-26,98,-0.408743064855571
2026-06-30 08:00:00+00:00,2026-07-12 00:00:00+00:00,12,-0.167036541036964,151.388,-2.4620830830139404,2026-06-26,98,-0.167036541036964
2026-07-01 08:00:00+00:00,2026-07-13 00:00:00+00:00,12,0.0572986416682681,151.126,-2.201073442219106,2026-06-26,98,0.0572986416682681
2026-07-02 08:00:00+00:00,2026-07-14 00:00:00+00:00,12,0.4382246030227748,150.952,-1.8339071930364823,2026-06-26,98,0.4382246030227748
2026-07-03 08:00:00+00:00,2026-07-15 00:00:00+00:00,12,0.9707863018940088,150.806,-2.20671369822018,2026-06-26,98,0.9707863018940088
2026-07-04 08:00:00+00:00,2026-07-16 00:00:00+00:00,12,1.6005356801224195,150.608,-2.2816954573579027,2026-06-26,98,1.6005356801224195
2026-07-05 08:00:00+00:00,2026-07-17 00:00:00+00:00,12,2.04832599961739,150.583,-2.047529964230523,2026-06-26,98,2.04832599961739
2026-07-06 08:00:00+00:00,2026-07-18 00:00:00+00:00,12,2.6987181939927325,150.58,-1.8759523784961136,2026-06-26,98,2.6987181939927325
2026-07-07 08:00:00+00:00,2026-07-19 00:00:00+00:00,12,2.707174287354121,150.682,-1.097539050524458,2026-06-26,98,2.707174287354121
2026-06-26 08:00:00+00:00,2026-07-09 00:00:00+00:00,13,-1.12982590396021,151.982,-3.5684552250461303,2026-06-26,97,-1.12982590396021
2026-06-27 08:00:00+00:00,2026-07-10 00:00:00+00:00,13,-0.7042471781136328,151.728,-3.591946255375663,2026-06-26,97,-0.7042471781136328
2026-06-28 08:00:00+00:00,2026-07-11 00:00:00+00:00,13,-0.4343791850009779,151.654,-3.1962900923554045,2026-06-26,97,-0.4343791850009779
2026-06-29 08:00:00+00:00,2026-07-12 00:00:00+00:00,13,-0.3865506026401704,151.619,-2.918762098471495,2026-06-26,97,-0.3865506026401704
2026-06-30 08:00:00+00:00,2026-07-13 00:00:00+00:00,13,-0.1115553854983772,151.388,-2.5928902610700426,2026-06-26,97,-0.1115553854983772
2026-07-01 08:00:00+00:00,2026-07-14 00:00:00+00:00,13,0.2513296345896378,151.126,-2.269628523553761,2026-06-26,97,0.2513296345896378
2026-07-02 08:00:00+00:00,2026-07-15 00:00:00+00:00,13,0.7999808685670473,150.952,-1.8526685465523691,2026-06-26,97,0.7999808685670473
2026-07-03 08:00:00+00:00,2026-07-16 00:00:00+00:00,13,1.419035775779605,150.806,-2.305628466023403,2026-06-26,97,1.419035775779605
2026-07-04 08:00:00+00:00,2026-07-17 00:00:00+00:00,13,2.0177348383394076,150.608,-2.3985728401857536,2026-06-26,97,2.0177348383394076
2026-07-05 08:00:00+00:00,2026-07-18 00:00:00+00:00,13,2.6979146738090662,150.583,-2.125350248718372,2026-06-26,97,2.6979146738090662
2026-07-06 08:00:00+00:00,2026-07-19 00:00:00+00:00,13,2.8644729290223836,150.58,-1.9369295565289304,2026-06-26,97,2.8644729290223836
2026-06-26 08:00:00+00:00,2026-07-10 00:00:00+00:00,14,-0.963171991582186,151.982,-3.775903661249066,2026-06-26,96,-0.963171991582186
2026-06-27 08:00:00+00:00,2026-07-11 00:00:00+00:00,14,-0.51982016453033,151.728,-3.790702375797056,2026-06-26,96,-0.51982016453033
2026-06-28 08:00:00+00:00,2026-07-12 00:00:00+00:00,14,-0.4121867227855773,151.654,-3.3566933619359247,2026-06-26,96,-0.4121867227855773
2026-06-29 08:00:00+00:00,2026-07-13 00:00:00+00:00,14,-0.3310694471015836,151.619,-3.0630751434715675,2026-06-26,96,-0.3310694471015836
2026-06-30 08:00:00+00:00,2026-07-14 00:00:00+00:00,14,0.0824756074229924,151.388,-2.712027846089801,2026-06-26,96,0.0824756074229924
2026-07-01 08:00:00+00:00,2026-07-15 00:00:00+00:00,14,0.6130859001339104,151.126,-2.3152617669055644,2026-06-26,96,0.6130859001339104
2026-07-02 08:00:00+00:00,2026-07-16 00:00:00+00:00,14,1.2482303424526435,150.952,-1.8434162237017937,2026-06-26,96,1.2482303424526435
2026-07-03 08:00:00+00:00,2026-07-17 00:00:00+00:00,14,1.836234933996593,150.806,-2.3920327515518265,2026-06-26,96,1.836234933996593
2026-07-04 08:00:00+00:00,2026-07-18 00:00:00+00:00,14,2.667323512531084,150.608,-2.4964365833463695,2026-06-26,96,2.667323512531084
2026-07-05 08:00:00+00:00,2026-07-19 00:00:00+00:00,14,2.8636694088387173,150.583,-2.1915298618632564,2026-06-26,96,2.8636694088387173
